-- --------------------------------------------------------
-- 호스트:                          127.0.0.1
-- 서버 버전:                        10.6.4-MariaDB - mariadb.org binary distribution
-- 서버 OS:                        Win64
-- HeidiSQL 버전:                  11.3.0.6295
-- --------------------------------------------------------

/*!40101 SET @OLD_CHARACTER_SET_CLIENT=@@CHARACTER_SET_CLIENT */;
/*!40101 SET NAMES utf8 */;
/*!50503 SET NAMES utf8mb4 */;
/*!40014 SET @OLD_FOREIGN_KEY_CHECKS=@@FOREIGN_KEY_CHECKS, FOREIGN_KEY_CHECKS=0 */;
/*!40101 SET @OLD_SQL_MODE=@@SQL_MODE, SQL_MODE='NO_AUTO_VALUE_ON_ZERO' */;
/*!40111 SET @OLD_SQL_NOTES=@@SQL_NOTES, SQL_NOTES=0 */;


-- shop 데이터베이스 구조 내보내기
DROP DATABASE IF EXISTS `shop`;
CREATE DATABASE IF NOT EXISTS `shop` /*!40100 DEFAULT CHARACTER SET utf8mb3 */;
USE `shop`;

-- 테이블 shop.category 구조 내보내기
DROP TABLE IF EXISTS `category`;
CREATE TABLE IF NOT EXISTS `category` (
  `category_name` varchar(200) NOT NULL,
  `category_state` enum('Y','N') NOT NULL DEFAULT 'Y',
  `update_date` datetime NOT NULL,
  `create_date` datetime NOT NULL,
  PRIMARY KEY (`category_name`)
) ENGINE=InnoDB DEFAULT CHARSET=utf8mb3;

-- 테이블 데이터 shop.category:~6 rows (대략적) 내보내기
DELETE FROM `category`;
/*!40000 ALTER TABLE `category` DISABLE KEYS */;
INSERT INTO `category` (`category_name`, `category_state`, `update_date`, `create_date`) VALUES
	('IT', 'Y', '2021-09-23 15:49:49', '2021-09-17 17:12:37'),
	('경제', 'Y', '2021-09-19 20:03:13', '2021-09-17 15:14:40'),
	('만화', 'Y', '2021-09-17 15:13:21', '2021-09-17 15:13:22'),
	('소설', 'Y', '2021-09-17 15:13:05', '2021-09-17 15:13:07'),
	('여행', 'Y', '2021-09-17 15:13:50', '2021-09-17 15:14:00'),
	('외국어', 'Y', '2021-09-17 15:15:00', '2021-09-17 15:15:10');
/*!40000 ALTER TABLE `category` ENABLE KEYS */;

-- 테이블 shop.ebook 구조 내보내기
DROP TABLE IF EXISTS `ebook`;
CREATE TABLE IF NOT EXISTS `ebook` (
  `ebook_no` int(11) NOT NULL AUTO_INCREMENT,
  `ebook_isbn` char(13) NOT NULL,
  `category_name` varchar(50) NOT NULL,
  `ebook_title` varchar(50) NOT NULL,
  `ebook_author` varchar(50) NOT NULL,
  `ebook_company` varchar(50) NOT NULL,
  `ebook_page_count` int(11) NOT NULL,
  `ebook_price` int(11) NOT NULL,
  `ebook_img` varchar(50) NOT NULL,
  `ebook_summary` text NOT NULL,
  `ebook_state` enum('판매중','품절','절판','구편절판') NOT NULL,
  `create_date` datetime NOT NULL,
  `update_date` datetime NOT NULL,
  PRIMARY KEY (`ebook_no`),
  KEY `FK_ebook_category` (`category_name`),
  CONSTRAINT `FK_ebook_category` FOREIGN KEY (`category_name`) REFERENCES `category` (`category_name`) ON DELETE NO ACTION ON UPDATE NO ACTION
) ENGINE=InnoDB AUTO_INCREMENT=1004 DEFAULT CHARSET=utf8mb3;

-- 테이블 데이터 shop.ebook:~1,000 rows (대략적) 내보내기
DELETE FROM `ebook`;
/*!40000 ALTER TABLE `ebook` DISABLE KEYS */;
INSERT INTO `ebook` (`ebook_no`, `ebook_isbn`, `category_name`, `ebook_title`, `ebook_author`, `ebook_company`, `ebook_page_count`, `ebook_price`, `ebook_img`, `ebook_summary`, `ebook_state`, `create_date`, `update_date`) VALUES
	(1, '263608104-6', 'IT', 'Biodex', 'Waylin', 'Miboo', 310, 17706, 'noimage.png', 'consectetuer adipiscing elit proin risus praesent lectus vestibulum quam sapien varius', '판매중', '2020-12-18 00:00:00', '2021-09-23 00:00:00'),
	(2, '743840653-9', 'IT', 'Zaam-Dox', 'Tracee', 'Realcube', 355, 27093, 'noimage.png', 'et ultrices posuere cubilia curae duis faucibus accumsan odio curabitur convallis duis consequat dui', '판매중', '2021-07-30 00:00:00', '2021-09-23 00:00:00'),
	(3, '255409824-7', 'IT', 'Pannier', 'Innis', 'Kwilith', 428, 28315, 'noimage.png', 'nulla ultrices aliquet maecenas leo odio condimentum id luctus nec molestie', '판매중', '2020-09-28 00:00:00', '2021-09-23 00:00:00'),
	(4, '333005191-4', '만화', 'Zathin', 'Cheri', 'Abata', 980, 5066, 'noimage.png', 'adipiscing lorem vitae mattis nibh ligula nec sem duis aliquam convallis nunc proin', '품절', '2021-07-01 00:00:00', '2021-09-23 00:00:00'),
	(5, '382668498-2', '여행', 'Matsoft', 'Jo-anne', 'Mynte', 975, 14341, 'noimage.png', 'quis turpis sed ante vivamus tortor duis mattis egestas metus aenean fermentum donec ut mauris eget massa tempor convallis nulla', '절판', '2021-04-20 00:00:00', '2021-09-23 00:00:00'),
	(6, '853551720-0', '외국어', 'Y-Solowarm', 'Ethelda', 'Ooba', 242, 21397, 'noimage.png', 'aliquam sit amet diam in magna bibendum imperdiet nullam orci pede venenatis non sodales sed tincidunt eu felis fusce', '판매중', '2020-12-16 00:00:00', '2021-09-23 00:00:00'),
	(7, '967371949-7', '소설', 'Temp', 'Gail', 'Tagtune', 613, 9965, 'noimage.png', 'quam pede lobortis ligula sit amet eleifend pede libero quis orci nullam molestie nibh in', '품절', '2021-07-07 00:00:00', '2021-09-23 00:00:00'),
	(8, '008837829-2', '만화', 'Tempsoft', 'Towney', 'Voolia', 637, 8770, 'noimage.png', 'diam cras pellentesque volutpat dui maecenas tristique est et tempus semper est quam pharetra magna ac consequat metus', '판매중', '2021-03-03 00:00:00', '2021-09-23 00:00:00'),
	(9, '051294654-X', '소설', 'Keylex', 'Gustavo', 'Skipstorm', 300, 19896, 'noimage.png', 'odio cras mi pede malesuada in imperdiet et commodo vulputate justo in blandit ultrices', '판매중', '2021-04-02 00:00:00', '2021-09-23 00:00:00'),
	(10, '328935467-9', '만화', 'Stronghold', 'Klara', 'Quinu', 647, 16627, 'noimage.png', 'arcu adipiscing molestie hendrerit at vulputate vitae nisl aenean lectus', '품절', '2021-09-07 00:00:00', '2021-09-23 00:00:00'),
	(11, '167903035-3', '외국어', 'Wrapsafe', 'Kyle', 'Izio', 220, 19266, 'noimage.png', 'semper interdum mauris ullamcorper purus sit amet nulla quisque arcu libero rutrum ac lobortis vel dapibus at diam', '절판', '2021-04-30 00:00:00', '2021-09-23 00:00:00'),
	(12, '925824981-X', '만화', 'Sub-Ex', 'Hobard', 'Wordware', 323, 7776, 'noimage.png', 'neque duis bibendum morbi non quam nec dui luctus rutrum nulla tellus in sagittis dui vel nisl duis ac nibh', '판매중', '2021-07-04 00:00:00', '2021-09-23 00:00:00'),
	(13, '592262069-X', '경제', 'Tampflex', 'Gayler', 'Talane', 191, 29955, 'noimage.png', 'mauris sit amet eros suspendisse accumsan tortor quis turpis sed ante vivamus tortor duis mattis egestas metus aenean', '판매중', '2021-01-22 00:00:00', '2021-09-23 00:00:00'),
	(14, '190509100-1', '소설', 'Stim', 'Hally', 'Zoomcast', 939, 18128, 'noimage.png', 'aliquet ultrices erat tortor sollicitudin mi sit amet lobortis sapien', '절판', '2021-04-17 00:00:00', '2021-09-23 00:00:00'),
	(15, '367807719-6', '소설', 'Bitchip', 'Celka', 'Youbridge', 184, 17292, 'noimage.png', 'parturient montes nascetur ridiculus mus etiam vel augue vestibulum rutrum rutrum neque aenean auctor gravida sem praesent id massa id', '구편절판', '2021-05-20 00:00:00', '2021-09-23 00:00:00'),
	(16, '303609920-4', '만화', 'Toughjoyfax', 'Cathee', 'Devbug', 391, 22782, 'noimage.png', 'urna pretium nisl ut volutpat sapien arcu sed augue aliquam erat volutpat in congue etiam justo etiam pretium iaculis justo', '절판', '2020-12-02 00:00:00', '2021-09-23 00:00:00'),
	(17, '298521880-2', '만화', 'Biodex', 'Beale', 'Yakijo', 586, 12320, 'noimage.png', 'amet nunc viverra dapibus nulla suscipit ligula in lacus curabitur at ipsum ac tellus semper interdum mauris ullamcorper purus sit', '판매중', '2021-05-15 00:00:00', '2021-09-23 00:00:00'),
	(18, '114682189-1', 'IT', 'Toughjoyfax', 'Townsend', 'Yakidoo', 690, 20035, 'noimage.png', 'morbi a ipsum integer a nibh in quis justo maecenas rhoncus aliquam lacus morbi quis tortor id nulla ultrices', '절판', '2021-01-23 00:00:00', '2021-09-23 00:00:00'),
	(19, '553319483-5', '소설', 'Lotlux', 'Paulette', 'Fadeo', 682, 25385, 'noimage.png', 'posuere felis sed lacus morbi sem mauris laoreet ut rhoncus aliquet pulvinar sed nisl nunc rhoncus dui', '절판', '2021-04-25 00:00:00', '2021-09-23 00:00:00'),
	(20, '678079926-2', '외국어', 'Transcof', 'Gwendolen', 'Trupe', 104, 18344, 'noimage.png', 'nullam varius nulla facilisi cras non velit nec nisi vulputate nonummy', '품절', '2020-12-27 00:00:00', '2021-09-23 00:00:00'),
	(21, '564605687-X', '외국어', 'Bamity', 'Gwenette', 'Eare', 227, 12391, 'noimage.png', 'duis bibendum felis sed interdum venenatis turpis enim blandit mi in porttitor pede justo eu massa', '판매중', '2021-01-28 00:00:00', '2021-09-23 00:00:00'),
	(22, '313136703-2', '소설', 'Aerified', 'Raynor', 'Brainsphere', 918, 17898, 'noimage.png', 'ut nulla sed accumsan felis ut at dolor quis odio consequat varius integer ac leo pellentesque ultrices mattis', '판매중', '2020-09-25 00:00:00', '2021-09-23 00:00:00'),
	(23, '951008654-1', 'IT', 'Redhold', 'Cosette', 'Realpoint', 857, 18964, 'noimage.png', 'vel lectus in quam fringilla rhoncus mauris enim leo rhoncus sed vestibulum sit amet cursus', '판매중', '2020-12-03 00:00:00', '2021-09-23 00:00:00'),
	(24, '567866375-5', 'IT', 'Voyatouch', 'Kaja', 'Skivee', 505, 21213, 'noimage.png', 'nulla facilisi cras non velit nec nisi vulputate nonummy maecenas tincidunt lacus at velit vivamus', '품절', '2020-11-07 00:00:00', '2021-09-23 00:00:00'),
	(25, '606932357-2', '외국어', 'Tempsoft', 'Gaelan', 'Eabox', 239, 29392, 'noimage.png', 'nisl nunc nisl duis bibendum felis sed interdum venenatis turpis enim blandit mi in porttitor pede justo eu massa donec', '구편절판', '2021-06-18 00:00:00', '2021-09-23 00:00:00'),
	(26, '474131089-2', '만화', 'Zontrax', 'Marcelle', 'Youfeed', 922, 10930, 'noimage.png', 'vestibulum sagittis sapien cum sociis natoque penatibus et magnis dis parturient montes nascetur', '품절', '2020-10-24 00:00:00', '2021-09-23 00:00:00'),
	(27, '891585613-9', 'IT', 'Prodder', 'Westley', 'Skipstorm', 375, 11358, 'noimage.png', 'id nulla ultrices aliquet maecenas leo odio condimentum id luctus nec molestie sed justo pellentesque viverra pede', '판매중', '2021-06-27 00:00:00', '2021-09-23 00:00:00'),
	(28, '024383703-8', '만화', 'Fix San', 'Cheryl', 'Jaxspan', 321, 19746, 'noimage.png', 'sit amet eleifend pede libero quis orci nullam molestie nibh in lectus pellentesque at nulla suspendisse', '구편절판', '2020-12-06 00:00:00', '2021-09-23 00:00:00'),
	(29, '350123021-4', '여행', 'Keylex', 'Augustin', 'Blogtags', 367, 28185, 'noimage.png', 'in sagittis dui vel nisl duis ac nibh fusce lacus purus aliquet at', '구편절판', '2021-02-16 00:00:00', '2021-09-23 00:00:00'),
	(30, '514833478-9', '외국어', 'Span', 'Fraser', 'Kamba', 636, 20115, 'noimage.png', 'tempus sit amet sem fusce consequat nulla nisl nunc nisl duis bibendum felis', '절판', '2021-02-15 00:00:00', '2021-09-23 00:00:00'),
	(31, '657534091-1', '만화', 'Otcom', 'Fay', 'Topdrive', 410, 12316, 'noimage.png', 'libero non mattis pulvinar nulla pede ullamcorper augue a suscipit nulla', '구편절판', '2020-11-18 00:00:00', '2021-09-23 00:00:00'),
	(32, '924426854-X', '외국어', 'Keylex', 'Clarey', 'Quinu', 468, 19259, 'noimage.png', 'orci luctus et ultrices posuere cubilia curae donec pharetra magna vestibulum aliquet ultrices erat tortor sollicitudin mi', '품절', '2021-01-28 00:00:00', '2021-09-23 00:00:00'),
	(33, '412793344-5', '외국어', 'Tres-Zap', 'Fabien', 'Centimia', 301, 26929, 'noimage.png', 'venenatis tristique fusce congue diam id ornare imperdiet sapien urna pretium nisl ut volutpat', '구편절판', '2021-02-23 00:00:00', '2021-09-23 00:00:00'),
	(34, '440587888-9', '여행', 'Alpha', 'Geri', 'Zoozzy', 663, 14269, 'noimage.png', 'pretium iaculis justo in hac habitasse platea dictumst etiam faucibus cursus urna ut tellus', '구편절판', '2021-03-20 00:00:00', '2021-09-23 00:00:00'),
	(35, '492407451-9', '외국어', 'Tres-Zap', 'Rory', 'Ooba', 187, 20778, 'noimage.png', 'leo pellentesque ultrices mattis odio donec vitae nisi nam ultrices libero non mattis pulvinar nulla pede ullamcorper augue a', '절판', '2021-05-07 00:00:00', '2021-09-23 00:00:00'),
	(36, '820882026-1', '여행', 'Biodex', 'Heather', 'Kwideo', 731, 25385, 'noimage.png', 'nam dui proin leo odio porttitor id consequat in consequat ut nulla sed accumsan', '절판', '2021-09-16 00:00:00', '2021-09-23 00:00:00'),
	(37, '168644636-5', '만화', 'Ronstring', 'Mordecai', 'Youfeed', 585, 12580, 'noimage.png', 'nam ultrices libero non mattis pulvinar nulla pede ullamcorper augue a suscipit nulla elit ac nulla sed', '판매중', '2021-02-24 00:00:00', '2021-09-23 00:00:00'),
	(38, '584565639-7', 'IT', 'Solarbreeze', 'Jon', 'Kanoodle', 909, 8346, 'noimage.png', 'ultrices vel augue vestibulum ante ipsum primis in faucibus orci luctus et ultrices posuere cubilia curae donec pharetra magna', '판매중', '2021-06-17 00:00:00', '2021-09-23 00:00:00'),
	(39, '143668291-6', '경제', 'Lotstring', 'Zondra', 'Yoveo', 176, 18299, 'noimage.png', 'magna bibendum imperdiet nullam orci pede venenatis non sodales sed tincidunt eu', '절판', '2021-05-29 00:00:00', '2021-09-23 00:00:00'),
	(40, '521560468-1', '만화', 'Pannier', 'Jess', 'Npath', 171, 8314, 'noimage.png', 'ut tellus nulla ut erat id mauris vulputate elementum nullam varius nulla facilisi cras non', '품절', '2021-04-28 00:00:00', '2021-09-23 00:00:00'),
	(41, '189496163-3', '외국어', 'Voyatouch', 'Seth', 'Devify', 261, 6798, 'noimage.png', 'dictumst aliquam augue quam sollicitudin vitae consectetuer eget rutrum at lorem integer tincidunt ante vel ipsum praesent blandit lacinia', '구편절판', '2020-12-18 00:00:00', '2021-09-23 00:00:00'),
	(42, '532388883-0', '경제', 'Pannier', 'Cosme', 'Blogtags', 711, 14315, 'noimage.png', 'et tempus semper est quam pharetra magna ac consequat metus sapien ut nunc vestibulum', '구편절판', '2021-05-03 00:00:00', '2021-09-23 00:00:00'),
	(43, '872575006-2', 'IT', 'Ventosanzap', 'Nigel', 'Kazu', 685, 29168, 'noimage.png', 'ipsum praesent blandit lacinia erat vestibulum sed magna at nunc commodo placerat praesent blandit nam nulla integer pede justo', '판매중', '2020-10-19 00:00:00', '2021-09-23 00:00:00'),
	(44, '396728717-3', '경제', 'Ventosanzap', 'Rolland', 'Eayo', 905, 14013, 'noimage.png', 'amet cursus id turpis integer aliquet massa id lobortis convallis tortor risus', '절판', '2021-09-15 00:00:00', '2021-09-23 00:00:00'),
	(45, '532974670-1', '외국어', 'Tampflex', 'Pollyanna', 'Gabvine', 870, 5762, 'noimage.png', 'cubilia curae duis faucibus accumsan odio curabitur convallis duis consequat dui nec nisi volutpat eleifend donec', '품절', '2021-04-13 00:00:00', '2021-09-23 00:00:00'),
	(46, '270905058-7', '소설', 'Subin', 'Berni', 'Topiczoom', 610, 25355, 'noimage.png', 'curae duis faucibus accumsan odio curabitur convallis duis consequat dui nec nisi volutpat eleifend donec ut dolor', '구편절판', '2021-09-01 00:00:00', '2021-09-23 00:00:00'),
	(47, '362202159-4', '여행', 'Tresom', 'Oberon', 'Jabbersphere', 426, 19426, 'noimage.png', 'neque libero convallis eget eleifend luctus ultricies eu nibh quisque id justo sit amet sapien dignissim', '판매중', '2020-09-29 00:00:00', '2021-09-23 00:00:00'),
	(48, '135022682-3', '경제', 'Pannier', 'Leonanie', 'Flashdog', 322, 26619, 'noimage.png', 'libero non mattis pulvinar nulla pede ullamcorper augue a suscipit nulla', '품절', '2020-11-13 00:00:00', '2021-09-23 00:00:00'),
	(49, '343008616-7', '소설', 'Veribet', 'Noreen', 'Skipstorm', 725, 15416, 'noimage.png', 'convallis duis consequat dui nec nisi volutpat eleifend donec ut dolor morbi vel lectus in quam', '구편절판', '2021-08-27 00:00:00', '2021-09-23 00:00:00'),
	(50, '705062443-8', '경제', 'Voltsillam', 'Warren', 'Livetube', 960, 20844, 'noimage.png', 'vel accumsan tellus nisi eu orci mauris lacinia sapien quis libero nullam', '품절', '2021-09-16 00:00:00', '2021-09-23 00:00:00'),
	(51, '999701021-3', '소설', 'It', 'Homere', 'Photospace', 565, 11693, 'noimage.png', 'tortor duis mattis egestas metus aenean fermentum donec ut mauris eget massa tempor convallis nulla neque libero convallis eget eleifend', '절판', '2021-06-13 00:00:00', '2021-09-23 00:00:00'),
	(52, '028629234-3', '경제', 'Daltfresh', 'Hertha', 'Ozu', 569, 26419, 'noimage.png', 'nulla suscipit ligula in lacus curabitur at ipsum ac tellus semper interdum', '판매중', '2021-02-03 00:00:00', '2021-09-23 00:00:00'),
	(53, '333100289-5', '만화', 'Ventosanzap', 'Standford', 'Babblestorm', 630, 17982, 'noimage.png', 'sapien dignissim vestibulum vestibulum ante ipsum primis in faucibus orci luctus et ultrices posuere cubilia curae nulla', '구편절판', '2020-12-24 00:00:00', '2021-09-23 00:00:00'),
	(54, '299108758-7', '소설', 'Bytecard', 'Hinze', 'Skinte', 707, 7743, 'noimage.png', 'platea dictumst etiam faucibus cursus urna ut tellus nulla ut erat id mauris vulputate elementum nullam varius nulla facilisi cras', '품절', '2021-08-28 00:00:00', '2021-09-23 00:00:00'),
	(55, '279781642-0', '만화', 'Treeflex', 'Oliver', 'Avamba', 846, 15026, 'noimage.png', 'mauris vulputate elementum nullam varius nulla facilisi cras non velit nec nisi vulputate nonummy maecenas tincidunt', '절판', '2021-01-16 00:00:00', '2021-09-23 00:00:00'),
	(56, '275222025-1', '소설', 'Cardify', 'Daveta', 'Realbuzz', 758, 8436, 'noimage.png', 'suspendisse potenti in eleifend quam a odio in hac habitasse platea dictumst maecenas ut massa quis', '품절', '2021-01-26 00:00:00', '2021-09-23 00:00:00'),
	(57, '649471471-4', '외국어', 'Prodder', 'Aurora', 'Mymm', 391, 24294, 'noimage.png', 'lacinia erat vestibulum sed magna at nunc commodo placerat praesent blandit nam nulla integer pede justo', '품절', '2020-10-15 00:00:00', '2021-09-23 00:00:00'),
	(58, '555642879-4', '여행', 'Zathin', 'Auguste', 'Yakijo', 388, 23717, 'noimage.png', 'sapien non mi integer ac neque duis bibendum morbi non quam nec', '판매중', '2021-02-20 00:00:00', '2021-09-23 00:00:00'),
	(59, '592412104-6', '만화', 'Fixflex', 'Pace', 'Shufflester', 136, 23959, 'noimage.png', 'donec semper sapien a libero nam dui proin leo odio porttitor id consequat in consequat ut nulla', '절판', '2020-09-24 00:00:00', '2021-09-23 00:00:00'),
	(60, '995135647-8', '외국어', 'Vagram', 'Nicolas', 'Divavu', 478, 8462, 'noimage.png', 'eget vulputate ut ultrices vel augue vestibulum ante ipsum primis in faucibus orci', '구편절판', '2021-08-27 00:00:00', '2021-09-23 00:00:00'),
	(61, '031746704-2', '경제', 'Y-Solowarm', 'Temple', 'Kwilith', 859, 11686, 'noimage.png', 'in tempus sit amet sem fusce consequat nulla nisl nunc nisl duis bibendum felis sed', '품절', '2020-11-12 00:00:00', '2021-09-23 00:00:00'),
	(62, '390226848-4', '여행', 'Wrapsafe', 'Alasdair', 'Omba', 295, 12098, 'noimage.png', 'ultrices vel augue vestibulum ante ipsum primis in faucibus orci luctus', '품절', '2021-05-15 00:00:00', '2021-09-23 00:00:00'),
	(63, '925787703-5', '여행', 'Latlux', 'Carina', 'Aivee', 973, 5502, 'noimage.png', 'donec pharetra magna vestibulum aliquet ultrices erat tortor sollicitudin mi sit amet lobortis sapien sapien non mi integer', '품절', '2021-05-05 00:00:00', '2021-09-23 00:00:00'),
	(64, '264369950-5', '경제', 'Duobam', 'Marcello', 'Innotype', 319, 20141, 'noimage.png', 'mauris morbi non lectus aliquam sit amet diam in magna', '절판', '2021-08-16 00:00:00', '2021-09-23 00:00:00'),
	(65, '768469992-X', '외국어', 'Pannier', 'Gillian', 'Tagtune', 837, 28554, 'noimage.png', 'sagittis dui vel nisl duis ac nibh fusce lacus purus aliquet at feugiat non pretium quis lectus suspendisse', '판매중', '2021-09-19 00:00:00', '2021-09-23 00:00:00'),
	(66, '259161005-3', '경제', 'Cardguard', 'Stefan', 'Gevee', 227, 22804, 'noimage.png', 'ipsum ac tellus semper interdum mauris ullamcorper purus sit amet nulla quisque arcu libero rutrum ac', '품절', '2021-04-16 00:00:00', '2021-09-23 00:00:00'),
	(67, '409254300-X', '경제', 'Cardify', 'Rosanna', 'Twitterworks', 275, 9967, 'noimage.png', 'gravida sem praesent id massa id nisl venenatis lacinia aenean sit amet justo', '품절', '2020-09-27 00:00:00', '2021-09-23 00:00:00'),
	(68, '916347495-6', '외국어', 'Zamit', 'Ellary', 'Kayveo', 987, 11667, 'noimage.png', 'volutpat eleifend donec ut dolor morbi vel lectus in quam', '판매중', '2021-08-22 00:00:00', '2021-09-23 00:00:00'),
	(69, '081488893-3', '소설', 'Keylex', 'Zachariah', 'Thoughtstorm', 482, 13214, 'noimage.png', 'ligula vehicula consequat morbi a ipsum integer a nibh in quis justo maecenas rhoncus aliquam lacus morbi quis', '절판', '2021-06-06 00:00:00', '2021-09-23 00:00:00'),
	(70, '930725293-9', '여행', 'Lotstring', 'Agnella', 'Gabtune', 102, 25147, 'noimage.png', 'in faucibus orci luctus et ultrices posuere cubilia curae nulla dapibus dolor vel est donec odio', '절판', '2021-08-25 00:00:00', '2021-09-23 00:00:00'),
	(71, '902736058-8', '만화', 'Opela', 'Merl', 'Thoughtmix', 218, 11391, 'noimage.png', 'vulputate nonummy maecenas tincidunt lacus at velit vivamus vel nulla eget eros', '판매중', '2021-06-16 00:00:00', '2021-09-23 00:00:00'),
	(72, '087836652-0', '만화', 'Sub-Ex', 'Lea', 'Zoombeat', 119, 6725, 'noimage.png', 'est lacinia nisi venenatis tristique fusce congue diam id ornare imperdiet sapien urna pretium nisl ut volutpat', '구편절판', '2020-09-23 00:00:00', '2021-09-23 00:00:00'),
	(73, '216610562-9', '소설', 'Cookley', 'Nessie', 'Skalith', 358, 7819, 'noimage.png', 'platea dictumst maecenas ut massa quis augue luctus tincidunt nulla mollis molestie lorem quisque ut', '절판', '2020-10-05 00:00:00', '2021-09-23 00:00:00'),
	(74, '659123397-0', 'IT', 'Veribet', 'Barney', 'Jayo', 271, 28852, 'noimage.png', 'luctus tincidunt nulla mollis molestie lorem quisque ut erat curabitur gravida nisi at nibh in', '절판', '2020-11-20 00:00:00', '2021-09-23 00:00:00'),
	(75, '332597938-6', 'IT', 'Holdlamis', 'Lula', 'Rooxo', 925, 22012, 'noimage.png', 'justo pellentesque viverra pede ac diam cras pellentesque volutpat dui maecenas tristique est et', '판매중', '2020-11-03 00:00:00', '2021-09-23 00:00:00'),
	(76, '289936268-2', 'IT', 'Transcof', 'Viola', 'Gabspot', 233, 17826, 'noimage.png', 'erat curabitur gravida nisi at nibh in hac habitasse platea dictumst aliquam augue quam sollicitudin', '품절', '2021-03-01 00:00:00', '2021-09-23 00:00:00'),
	(77, '715121543-6', '만화', 'Stim', 'Lolly', 'Vinte', 147, 23913, 'noimage.png', 'vel accumsan tellus nisi eu orci mauris lacinia sapien quis libero nullam sit amet turpis elementum ligula vehicula consequat', '구편절판', '2020-10-18 00:00:00', '2021-09-23 00:00:00'),
	(78, '837390899-4', 'IT', 'Span', 'Lynnet', 'Jabbersphere', 742, 15599, 'noimage.png', 'morbi a ipsum integer a nibh in quis justo maecenas rhoncus aliquam lacus morbi quis tortor', '구편절판', '2020-10-01 00:00:00', '2021-09-23 00:00:00'),
	(79, '925385656-4', '경제', 'Fintone', 'Emogene', 'Riffpedia', 382, 22240, 'noimage.png', 'in libero ut massa volutpat convallis morbi odio odio elementum eu interdum eu', '판매중', '2021-07-30 00:00:00', '2021-09-23 00:00:00'),
	(80, '456349441-0', '소설', 'Home Ing', 'Vonnie', 'Jaxspan', 948, 16677, 'noimage.png', 'duis bibendum felis sed interdum venenatis turpis enim blandit mi', '구편절판', '2021-03-22 00:00:00', '2021-09-23 00:00:00'),
	(81, '977181090-1', '소설', 'Zoolab', 'Don', 'Meeveo', 855, 13545, 'noimage.png', 'sapien quis libero nullam sit amet turpis elementum ligula vehicula consequat morbi a ipsum', '구편절판', '2020-10-25 00:00:00', '2021-09-23 00:00:00'),
	(82, '611141420-8', '경제', 'Subin', 'Patti', 'Jetpulse', 686, 13734, 'noimage.png', 'praesent blandit nam nulla integer pede justo lacinia eget tincidunt eget tempus', '절판', '2021-02-03 00:00:00', '2021-09-23 00:00:00'),
	(83, '110719521-7', 'IT', 'Holdlamis', 'Aliza', 'Yodo', 439, 17164, 'noimage.png', 'nulla facilisi cras non velit nec nisi vulputate nonummy maecenas tincidunt lacus at velit vivamus vel nulla eget eros elementum', '품절', '2020-11-03 00:00:00', '2021-09-23 00:00:00'),
	(84, '470882420-3', '외국어', 'Cookley', 'Angelita', 'Miboo', 204, 20223, 'noimage.png', 'erat quisque erat eros viverra eget congue eget semper rutrum nulla nunc purus phasellus in felis donec semper sapien', '구편절판', '2020-12-16 00:00:00', '2021-09-23 00:00:00'),
	(85, '080924179-X', '소설', 'Opela', 'Gradey', 'Tagopia', 974, 21293, 'noimage.png', 'turpis integer aliquet massa id lobortis convallis tortor risus dapibus augue vel accumsan tellus nisi eu orci mauris', '절판', '2021-02-28 00:00:00', '2021-09-23 00:00:00'),
	(86, '581919064-5', '외국어', 'Alphazap', 'Sharron', 'Meembee', 522, 25217, 'noimage.png', 'sed tincidunt eu felis fusce posuere felis sed lacus morbi sem mauris laoreet ut rhoncus', '절판', '2021-04-21 00:00:00', '2021-09-23 00:00:00'),
	(87, '117141947-3', '경제', 'Gembucket', 'Jareb', 'Twitterlist', 135, 17795, 'noimage.png', 'eu mi nulla ac enim in tempor turpis nec euismod', '품절', '2021-03-20 00:00:00', '2021-09-23 00:00:00'),
	(88, '982034206-6', '소설', 'Aerified', 'Hugh', 'Mynte', 708, 14394, 'noimage.png', 'interdum in ante vestibulum ante ipsum primis in faucibus orci luctus et ultrices posuere cubilia curae', '절판', '2021-03-02 00:00:00', '2021-09-23 00:00:00'),
	(89, '948684513-1', '소설', 'Aerified', 'Davidde', 'Myworks', 729, 11952, 'noimage.png', 'id nisl venenatis lacinia aenean sit amet justo morbi ut odio cras mi pede malesuada in imperdiet et commodo vulputate', '판매중', '2021-08-26 00:00:00', '2021-09-23 00:00:00'),
	(90, '667605966-5', '외국어', 'Tresom', 'Judie', 'Aimbo', 443, 14223, 'noimage.png', 'nulla ac enim in tempor turpis nec euismod scelerisque quam turpis adipiscing lorem vitae mattis nibh ligula nec', '품절', '2020-11-04 00:00:00', '2021-09-23 00:00:00'),
	(91, '021521224-X', '소설', 'Transcof', 'Constantina', 'Flashpoint', 964, 18698, 'noimage.png', 'fusce consequat nulla nisl nunc nisl duis bibendum felis sed interdum venenatis turpis enim blandit mi in porttitor pede justo', '구편절판', '2021-05-27 00:00:00', '2021-09-23 00:00:00'),
	(92, '099419437-4', '경제', 'Konklux', 'Langston', 'Shuffletag', 420, 13481, 'noimage.png', 'feugiat non pretium quis lectus suspendisse potenti in eleifend quam a odio in hac habitasse platea dictumst maecenas', '판매중', '2021-06-28 00:00:00', '2021-09-23 00:00:00'),
	(93, '689449970-5', 'IT', 'Vagram', 'Evonne', 'Dynabox', 369, 17381, 'noimage.png', 'pulvinar nulla pede ullamcorper augue a suscipit nulla elit ac nulla sed vel', '구편절판', '2021-09-08 00:00:00', '2021-09-23 00:00:00'),
	(94, '224350673-4', 'IT', 'Temp', 'Ardath', 'Yodoo', 683, 11691, 'noimage.png', 'turpis adipiscing lorem vitae mattis nibh ligula nec sem duis aliquam convallis nunc proin at turpis a pede', '절판', '2021-08-13 00:00:00', '2021-09-23 00:00:00'),
	(95, '460454353-4', '외국어', 'Tres-Zap', 'Paola', 'Oyope', 744, 22677, 'noimage.png', 'quam a odio in hac habitasse platea dictumst maecenas ut', '판매중', '2021-04-01 00:00:00', '2021-09-23 00:00:00'),
	(96, '774914597-4', 'IT', 'Zaam-Dox', 'Julissa', 'Edgetag', 890, 24954, 'noimage.png', 'quis tortor id nulla ultrices aliquet maecenas leo odio condimentum id luctus nec molestie sed justo pellentesque viverra pede ac', '절판', '2020-11-14 00:00:00', '2021-09-23 00:00:00'),
	(97, '812342576-7', '경제', 'Home Ing', 'Lucie', 'Browsebug', 474, 29020, 'noimage.png', 'maecenas leo odio condimentum id luctus nec molestie sed justo pellentesque viverra pede ac', '품절', '2021-02-25 00:00:00', '2021-09-23 00:00:00'),
	(98, '867476461-4', '외국어', 'Toughjoyfax', 'Michal', 'Fatz', 522, 19952, 'noimage.png', 'morbi ut odio cras mi pede malesuada in imperdiet et commodo vulputate justo in', '구편절판', '2020-12-08 00:00:00', '2021-09-23 00:00:00'),
	(99, '981097696-8', '경제', 'Regrant', 'Brenna', 'Quinu', 529, 18174, 'noimage.png', 'risus auctor sed tristique in tempus sit amet sem fusce consequat nulla nisl nunc nisl', '품절', '2021-09-04 00:00:00', '2021-09-23 00:00:00'),
	(100, '017834399-4', '만화', 'Alpha', 'Phyllys', 'Gigazoom', 191, 5966, 'noimage.png', 'fermentum justo nec condimentum neque sapien placerat ante nulla justo aliquam', '구편절판', '2021-06-29 00:00:00', '2021-09-23 00:00:00'),
	(101, '059406796-0', '경제', 'Hatity', 'Karlens', 'Riffpath', 691, 5867, 'noimage.png', 'sollicitudin ut suscipit a feugiat et eros vestibulum ac est lacinia nisi venenatis tristique', '품절', '2021-04-09 00:00:00', '2021-09-23 00:00:00'),
	(102, '370421634-8', 'IT', 'Aerified', 'Carlee', 'Mymm', 790, 29173, 'noimage.png', 'nulla mollis molestie lorem quisque ut erat curabitur gravida nisi at', '절판', '2021-02-24 00:00:00', '2021-09-23 00:00:00'),
	(103, '143906577-2', '만화', 'Bytecard', 'Jody', 'Rhynoodle', 692, 15380, 'noimage.png', 'magnis dis parturient montes nascetur ridiculus mus vivamus vestibulum sagittis sapien cum sociis natoque penatibus', '품절', '2021-07-16 00:00:00', '2021-09-23 00:00:00'),
	(104, '355212570-1', '만화', 'Stringtough', 'Carline', 'Bubbletube', 112, 29760, 'noimage.png', 'in ante vestibulum ante ipsum primis in faucibus orci luctus et', '판매중', '2021-03-26 00:00:00', '2021-09-23 00:00:00'),
	(105, '437574040-X', '만화', 'Quo Lux', 'Aleen', 'Camimbo', 542, 18824, 'noimage.png', 'sed justo pellentesque viverra pede ac diam cras pellentesque volutpat dui maecenas tristique', '구편절판', '2020-11-30 00:00:00', '2021-09-23 00:00:00'),
	(106, '975724284-5', '외국어', 'Zamit', 'Mariellen', 'Riffpath', 354, 16578, 'noimage.png', 'interdum mauris non ligula pellentesque ultrices phasellus id sapien in', '품절', '2021-07-24 00:00:00', '2021-09-23 00:00:00'),
	(107, '176879859-1', 'IT', 'Zontrax', 'Drusi', 'Bubblebox', 369, 18295, 'noimage.png', 'nulla nisl nunc nisl duis bibendum felis sed interdum venenatis turpis enim blandit mi in porttitor pede', '판매중', '2021-05-31 00:00:00', '2021-09-23 00:00:00'),
	(108, '598937768-1', '만화', 'Voltsillam', 'Eva', 'Twitterwire', 531, 26381, 'noimage.png', 'amet consectetuer adipiscing elit proin risus praesent lectus vestibulum quam sapien varius ut blandit non interdum in', '품절', '2020-11-29 00:00:00', '2021-09-23 00:00:00'),
	(109, '621617769-9', 'IT', 'Stim', 'Andreas', 'Dabvine', 902, 6718, 'noimage.png', 'phasellus id sapien in sapien iaculis congue vivamus metus arcu adipiscing molestie hendrerit at vulputate vitae nisl aenean lectus pellentesque', '절판', '2021-08-07 00:00:00', '2021-09-23 00:00:00'),
	(110, '965424720-8', 'IT', 'Toughjoyfax', 'Jane', 'Rhyzio', 314, 22882, 'noimage.png', 'sem fusce consequat nulla nisl nunc nisl duis bibendum felis sed interdum venenatis turpis enim blandit mi in porttitor pede', '구편절판', '2020-11-11 00:00:00', '2021-09-23 00:00:00'),
	(111, '469893024-3', 'IT', 'Flowdesk', 'Henrietta', 'Realbuzz', 357, 20882, 'noimage.png', 'dapibus augue vel accumsan tellus nisi eu orci mauris lacinia sapien quis', '판매중', '2020-12-10 00:00:00', '2021-09-23 00:00:00'),
	(112, '037356762-6', 'IT', 'Tempsoft', 'Kaleb', 'Myworks', 276, 23460, 'noimage.png', 'massa tempor convallis nulla neque libero convallis eget eleifend luctus ultricies eu nibh quisque id', '품절', '2021-02-02 00:00:00', '2021-09-23 00:00:00'),
	(113, '088807614-2', '소설', 'Asoka', 'Tobe', 'Fivebridge', 989, 8970, 'noimage.png', 'a odio in hac habitasse platea dictumst maecenas ut massa quis', '절판', '2021-04-28 00:00:00', '2021-09-23 00:00:00'),
	(114, '532661061-2', '경제', 'Daltfresh', 'Tiffi', 'Innotype', 338, 28622, 'noimage.png', 'luctus et ultrices posuere cubilia curae duis faucibus accumsan odio curabitur convallis duis consequat dui nec nisi volutpat eleifend', '판매중', '2021-05-23 00:00:00', '2021-09-23 00:00:00'),
	(115, '201774762-9', '만화', 'Zaam-Dox', 'Marjory', 'Aimbu', 152, 21836, 'noimage.png', 'ut dolor morbi vel lectus in quam fringilla rhoncus mauris enim leo rhoncus sed', '절판', '2020-10-18 00:00:00', '2021-09-23 00:00:00'),
	(116, '795253549-8', '만화', 'Sub-Ex', 'Valera', 'Linktype', 279, 15380, 'noimage.png', 'ipsum praesent blandit lacinia erat vestibulum sed magna at nunc commodo placerat praesent', '품절', '2021-08-01 00:00:00', '2021-09-23 00:00:00'),
	(117, '817143153-4', 'IT', 'Rank', 'Merilyn', 'Shufflester', 939, 25480, 'noimage.png', 'pellentesque quisque porta volutpat erat quisque erat eros viverra eget congue eget semper rutrum nulla nunc', '품절', '2021-02-28 00:00:00', '2021-09-23 00:00:00'),
	(118, '970096441-8', '만화', 'Ventosanzap', 'Todd', 'Dazzlesphere', 111, 7820, 'noimage.png', 'aliquet maecenas leo odio condimentum id luctus nec molestie sed', '판매중', '2021-02-15 00:00:00', '2021-09-23 00:00:00'),
	(119, '076541514-3', '여행', 'Tres-Zap', 'Noelani', 'Topdrive', 419, 19168, 'noimage.png', 'nunc vestibulum ante ipsum primis in faucibus orci luctus et ultrices posuere cubilia curae mauris viverra diam vitae quam', '절판', '2020-11-06 00:00:00', '2021-09-23 00:00:00'),
	(120, '645602109-X', '여행', 'Namfix', 'Shana', 'Gigashots', 458, 5437, 'noimage.png', 'justo in blandit ultrices enim lorem ipsum dolor sit amet', '품절', '2021-06-01 00:00:00', '2021-09-23 00:00:00'),
	(121, '708709097-6', '소설', 'Stim', 'Galina', 'Buzzbean', 851, 25320, 'noimage.png', 'ultrices erat tortor sollicitudin mi sit amet lobortis sapien sapien non mi integer ac neque', '구편절판', '2020-11-28 00:00:00', '2021-09-23 00:00:00'),
	(122, '346781120-5', '만화', 'Sonsing', 'Ronnie', 'Fivechat', 826, 23902, 'noimage.png', 'parturient montes nascetur ridiculus mus etiam vel augue vestibulum rutrum rutrum neque', '절판', '2021-01-09 00:00:00', '2021-09-23 00:00:00'),
	(123, '134405804-3', '여행', 'Bigtax', 'Lyon', 'Demimbu', 582, 19423, 'noimage.png', 'quisque arcu libero rutrum ac lobortis vel dapibus at diam nam tristique tortor', '절판', '2021-03-04 00:00:00', '2021-09-23 00:00:00'),
	(124, '020975615-2', '만화', 'Span', 'Ardelis', 'Realmix', 135, 5590, 'noimage.png', 'lobortis sapien sapien non mi integer ac neque duis bibendum morbi non', '구편절판', '2020-10-18 00:00:00', '2021-09-23 00:00:00'),
	(125, '294189364-4', '외국어', 'Zaam-Dox', 'Ellerey', 'Flipopia', 121, 24769, 'noimage.png', 'primis in faucibus orci luctus et ultrices posuere cubilia curae mauris', '구편절판', '2020-10-17 00:00:00', '2021-09-23 00:00:00'),
	(126, '853842899-3', '만화', 'Voltsillam', 'Paddy', 'Eidel', 598, 22644, 'noimage.png', 'in lectus pellentesque at nulla suspendisse potenti cras in purus eu magna vulputate luctus cum sociis natoque penatibus et', '판매중', '2020-11-05 00:00:00', '2021-09-23 00:00:00'),
	(127, '075598330-0', '소설', 'Domainer', 'Trudi', 'Linkbridge', 424, 12229, 'noimage.png', 'posuere nonummy integer non velit donec diam neque vestibulum eget', '절판', '2021-06-17 00:00:00', '2021-09-23 00:00:00'),
	(128, '350740133-9', '소설', 'Mat Lam Tam', 'Fonsie', 'Skimia', 527, 21990, 'noimage.png', 'tortor quis turpis sed ante vivamus tortor duis mattis egestas metus aenean fermentum donec ut mauris eget massa tempor convallis', '품절', '2021-08-11 00:00:00', '2021-09-23 00:00:00'),
	(129, '304094529-7', '여행', 'Treeflex', 'Zonnya', 'Minyx', 234, 26646, 'noimage.png', 'praesent id massa id nisl venenatis lacinia aenean sit amet justo morbi ut odio', '품절', '2021-07-13 00:00:00', '2021-09-23 00:00:00'),
	(130, '319964958-0', '여행', 'Tresom', 'Shina', 'Thoughtmix', 804, 19366, 'noimage.png', 'ut rhoncus aliquet pulvinar sed nisl nunc rhoncus dui vel sem sed sagittis', '구편절판', '2021-06-29 00:00:00', '2021-09-23 00:00:00'),
	(131, '643447561-6', '소설', 'Lotstring', 'Coraline', 'Gabcube', 103, 17117, 'noimage.png', 'maecenas leo odio condimentum id luctus nec molestie sed justo pellentesque viverra pede ac diam', '절판', '2021-03-27 00:00:00', '2021-09-23 00:00:00'),
	(132, '196629025-X', '경제', 'Keylex', 'Johna', 'Oba', 414, 22906, 'noimage.png', 'proin eu mi nulla ac enim in tempor turpis nec euismod scelerisque quam turpis adipiscing lorem vitae', '절판', '2021-06-07 00:00:00', '2021-09-23 00:00:00'),
	(133, '915950656-3', '경제', 'Otcom', 'Christin', 'Jabbercube', 695, 27307, 'noimage.png', 'quam nec dui luctus rutrum nulla tellus in sagittis dui vel nisl duis ac nibh fusce lacus purus aliquet', '품절', '2021-02-06 00:00:00', '2021-09-23 00:00:00'),
	(134, '686819349-1', '외국어', 'Home Ing', 'Goran', 'Jaxworks', 314, 10213, 'noimage.png', 'ultrices posuere cubilia curae nulla dapibus dolor vel est donec odio justo', '구편절판', '2021-03-18 00:00:00', '2021-09-23 00:00:00'),
	(135, '407674009-2', '경제', 'Sub-Ex', 'Homere', 'Blogtags', 361, 28639, 'noimage.png', 'in leo maecenas pulvinar lobortis est phasellus sit amet erat nulla tempus vivamus in felis eu sapien', '품절', '2021-07-29 00:00:00', '2021-09-23 00:00:00'),
	(136, '358903639-7', 'IT', 'Cookley', 'Alley', 'Zoonder', 656, 14726, 'noimage.png', 'eu tincidunt in leo maecenas pulvinar lobortis est phasellus sit amet erat nulla tempus vivamus in', '구편절판', '2021-08-31 00:00:00', '2021-09-23 00:00:00'),
	(137, '706588315-9', '여행', 'Sonsing', 'Fara', 'Yodo', 750, 14230, 'noimage.png', 'duis ac nibh fusce lacus purus aliquet at feugiat non', '구편절판', '2021-06-03 00:00:00', '2021-09-23 00:00:00'),
	(138, '523099016-3', '소설', 'Voyatouch', 'Tootsie', 'Yodo', 585, 12703, 'noimage.png', 'magnis dis parturient montes nascetur ridiculus mus etiam vel augue vestibulum rutrum rutrum neque aenean auctor', '구편절판', '2020-11-22 00:00:00', '2021-09-23 00:00:00'),
	(139, '259734699-4', '만화', 'Tres-Zap', 'Renata', 'Livepath', 391, 21258, 'noimage.png', 'adipiscing lorem vitae mattis nibh ligula nec sem duis aliquam convallis nunc proin at turpis', '구편절판', '2021-07-18 00:00:00', '2021-09-23 00:00:00'),
	(140, '897223937-2', '만화', 'Solarbreeze', 'Elsi', 'Dazzlesphere', 223, 21110, 'noimage.png', 'vel augue vestibulum ante ipsum primis in faucibus orci luctus et ultrices posuere cubilia curae donec pharetra', '구편절판', '2021-06-09 00:00:00', '2021-09-23 00:00:00'),
	(141, '828842946-7', '경제', 'Stronghold', 'Brendin', 'Vitz', 777, 11808, 'noimage.png', 'primis in faucibus orci luctus et ultrices posuere cubilia curae mauris viverra diam vitae quam suspendisse potenti nullam porttitor lacus', '판매중', '2020-12-23 00:00:00', '2021-09-23 00:00:00'),
	(142, '618116844-3', '경제', 'Fintone', 'West', 'Devify', 696, 17774, 'noimage.png', 'metus aenean fermentum donec ut mauris eget massa tempor convallis nulla neque libero convallis eget eleifend luctus', '품절', '2021-06-20 00:00:00', '2021-09-23 00:00:00'),
	(143, '753495487-8', '소설', 'Viva', 'Aeriell', 'Abatz', 263, 26330, 'noimage.png', 'fringilla rhoncus mauris enim leo rhoncus sed vestibulum sit amet cursus id', '절판', '2021-03-29 00:00:00', '2021-09-23 00:00:00'),
	(144, '020194091-4', '여행', 'Cardguard', 'Wendel', 'Omba', 470, 6461, 'noimage.png', 'hac habitasse platea dictumst etiam faucibus cursus urna ut tellus', '구편절판', '2020-10-23 00:00:00', '2021-09-23 00:00:00'),
	(145, '747285820-X', '만화', 'Viva', 'Lonny', 'Yamia', 780, 8370, 'noimage.png', 'duis ac nibh fusce lacus purus aliquet at feugiat non pretium quis lectus suspendisse potenti in eleifend quam a odio', '품절', '2020-10-07 00:00:00', '2021-09-23 00:00:00'),
	(146, '003234904-1', '소설', 'Voltsillam', 'Hyacinthe', 'Talane', 996, 24637, 'noimage.png', 'elit sodales scelerisque mauris sit amet eros suspendisse accumsan tortor', '구편절판', '2021-05-17 00:00:00', '2021-09-23 00:00:00'),
	(147, '496562726-1', '경제', 'Asoka', 'Catharine', 'Katz', 796, 23904, 'noimage.png', 'elementum pellentesque quisque porta volutpat erat quisque erat eros viverra eget congue eget semper rutrum', '절판', '2021-01-16 00:00:00', '2021-09-23 00:00:00'),
	(148, '176521315-0', '소설', 'Bytecard', 'Rudolf', 'Trudoo', 438, 23194, 'noimage.png', 'praesent blandit lacinia erat vestibulum sed magna at nunc commodo placerat praesent', '판매중', '2020-10-11 00:00:00', '2021-09-23 00:00:00'),
	(149, '789207906-8', 'IT', 'Zoolab', 'Elliott', 'Quire', 587, 17978, 'noimage.png', 'id justo sit amet sapien dignissim vestibulum vestibulum ante ipsum primis in faucibus orci', '판매중', '2020-12-17 00:00:00', '2021-09-23 00:00:00'),
	(150, '733058917-9', '경제', 'Transcof', 'Mendel', 'Thoughtbridge', 440, 6724, 'noimage.png', 'diam in magna bibendum imperdiet nullam orci pede venenatis non sodales sed tincidunt eu felis fusce posuere felis sed lacus', '품절', '2020-11-25 00:00:00', '2021-09-23 00:00:00'),
	(151, '930454523-4', '외국어', 'Solarbreeze', 'Rutter', 'Edgetag', 293, 12875, 'noimage.png', 'leo maecenas pulvinar lobortis est phasellus sit amet erat nulla tempus vivamus in', '품절', '2021-08-25 00:00:00', '2021-09-23 00:00:00'),
	(152, '612323583-4', '여행', 'Namfix', 'Dun', 'Dablist', 474, 19746, 'noimage.png', 'nonummy maecenas tincidunt lacus at velit vivamus vel nulla eget', '품절', '2021-07-27 00:00:00', '2021-09-23 00:00:00'),
	(153, '803346260-4', '외국어', 'Viva', 'Charlot', 'Youspan', 498, 29919, 'noimage.png', 'sagittis dui vel nisl duis ac nibh fusce lacus purus aliquet at feugiat non pretium', '품절', '2021-01-16 00:00:00', '2021-09-23 00:00:00'),
	(154, '712851702-2', '외국어', 'Y-find', 'Mitchell', 'Zooxo', 871, 9684, 'noimage.png', 'habitasse platea dictumst maecenas ut massa quis augue luctus tincidunt nulla mollis molestie lorem quisque', '절판', '2021-01-06 00:00:00', '2021-09-23 00:00:00'),
	(155, '057515708-9', 'IT', 'Kanlam', 'Donnamarie', 'Linktype', 419, 22861, 'noimage.png', 'porttitor lorem id ligula suspendisse ornare consequat lectus in est risus auctor sed tristique', '구편절판', '2021-04-15 00:00:00', '2021-09-23 00:00:00'),
	(156, '621917489-5', '경제', 'Prodder', 'Silvan', 'Trupe', 816, 18105, 'noimage.png', 'justo sollicitudin ut suscipit a feugiat et eros vestibulum ac est lacinia nisi venenatis tristique fusce congue', '품절', '2021-01-07 00:00:00', '2021-09-23 00:00:00'),
	(157, '641397801-5', '외국어', 'Sub-Ex', 'Helyn', 'Eare', 575, 15285, 'noimage.png', 'sapien dignissim vestibulum vestibulum ante ipsum primis in faucibus orci luctus et ultrices posuere', '품절', '2021-03-04 00:00:00', '2021-09-23 00:00:00'),
	(158, '948792666-6', '여행', 'Cardguard', 'Roscoe', 'Wikizz', 780, 23895, 'noimage.png', 'sed ante vivamus tortor duis mattis egestas metus aenean fermentum', '구편절판', '2021-08-29 00:00:00', '2021-09-23 00:00:00'),
	(159, '453727465-4', '만화', 'Zontrax', 'Juliet', 'Tagchat', 257, 11559, 'noimage.png', 'consequat ut nulla sed accumsan felis ut at dolor quis odio consequat varius integer ac leo pellentesque ultrices mattis', '품절', '2021-09-16 00:00:00', '2021-09-23 00:00:00'),
	(160, '303341709-4', 'IT', 'Hatity', 'Drew', 'Kwimbee', 163, 26136, 'noimage.png', 'lorem quisque ut erat curabitur gravida nisi at nibh in', '품절', '2021-04-29 00:00:00', '2021-09-23 00:00:00'),
	(161, '018234575-0', '경제', 'Tin', 'Tedda', 'Ailane', 784, 24053, 'noimage.png', 'vivamus metus arcu adipiscing molestie hendrerit at vulputate vitae nisl aenean lectus pellentesque eget nunc', '구편절판', '2020-11-02 00:00:00', '2021-09-23 00:00:00'),
	(162, '237876109-0', '만화', 'Overhold', 'Malcolm', 'Skibox', 930, 6452, 'noimage.png', 'cum sociis natoque penatibus et magnis dis parturient montes nascetur ridiculus mus vivamus vestibulum sagittis sapien cum', '구편절판', '2020-11-13 00:00:00', '2021-09-23 00:00:00'),
	(163, '441507452-9', '만화', 'Zoolab', 'Arman', 'JumpXS', 834, 22330, 'noimage.png', 'suspendisse potenti cras in purus eu magna vulputate luctus cum sociis natoque penatibus et magnis dis parturient montes', '판매중', '2021-04-27 00:00:00', '2021-09-23 00:00:00'),
	(164, '993641848-4', '여행', 'Alphazap', 'Coraline', 'Zoozzy', 244, 5727, 'noimage.png', 'augue vestibulum rutrum rutrum neque aenean auctor gravida sem praesent id', '품절', '2021-08-13 00:00:00', '2021-09-23 00:00:00'),
	(165, '414534043-4', 'IT', 'Flowdesk', 'Gloriana', 'Twiyo', 801, 21907, 'noimage.png', 'erat curabitur gravida nisi at nibh in hac habitasse platea dictumst', '판매중', '2020-10-20 00:00:00', '2021-09-23 00:00:00'),
	(166, '616328591-3', '경제', 'Tresom', 'Wenona', 'Quinu', 812, 26594, 'noimage.png', 'justo maecenas rhoncus aliquam lacus morbi quis tortor id nulla ultrices', '품절', '2021-07-31 00:00:00', '2021-09-23 00:00:00'),
	(167, '118011313-6', 'IT', 'Bamity', 'Valaria', 'Thoughtbridge', 672, 18465, 'noimage.png', 'turpis enim blandit mi in porttitor pede justo eu massa donec dapibus duis at velit eu est', '구편절판', '2021-09-14 00:00:00', '2021-09-23 00:00:00'),
	(168, '858137102-7', '외국어', 'Tempsoft', 'Milka', 'Topicblab', 421, 25516, 'noimage.png', 'nunc purus phasellus in felis donec semper sapien a libero nam dui proin leo odio', '판매중', '2021-05-15 00:00:00', '2021-09-23 00:00:00'),
	(169, '578896209-9', '소설', 'Andalax', 'Thurston', 'Browseblab', 837, 14693, 'noimage.png', 'lectus pellentesque eget nunc donec quis orci eget orci vehicula condimentum curabitur in', '품절', '2021-09-10 00:00:00', '2021-09-23 00:00:00'),
	(170, '659122979-5', '소설', 'Zoolab', 'Bevan', 'Jabbercube', 235, 11985, 'noimage.png', 'consequat morbi a ipsum integer a nibh in quis justo maecenas rhoncus aliquam lacus morbi quis tortor id nulla ultrices', '품절', '2021-08-30 00:00:00', '2021-09-23 00:00:00'),
	(171, '426276519-9', 'IT', 'Sonair', 'Andras', 'Browsetype', 113, 28102, 'noimage.png', 'pede morbi porttitor lorem id ligula suspendisse ornare consequat lectus in est risus auctor', '품절', '2020-11-18 00:00:00', '2021-09-23 00:00:00'),
	(172, '947252661-6', '만화', 'Sub-Ex', 'Yardley', 'Avavee', 763, 11751, 'noimage.png', 'at lorem integer tincidunt ante vel ipsum praesent blandit lacinia erat vestibulum sed magna at nunc', '품절', '2021-05-06 00:00:00', '2021-09-23 00:00:00'),
	(173, '201010391-2', 'IT', 'Bigtax', 'Marsiella', 'Skiptube', 164, 23721, 'noimage.png', 'sodales scelerisque mauris sit amet eros suspendisse accumsan tortor quis turpis sed ante vivamus tortor duis mattis', '구편절판', '2021-09-11 00:00:00', '2021-09-23 00:00:00'),
	(174, '571540865-2', '여행', 'Bigtax', 'Lyn', 'Flashdog', 700, 27307, 'noimage.png', 'at nunc commodo placerat praesent blandit nam nulla integer pede', '구편절판', '2021-06-27 00:00:00', '2021-09-23 00:00:00'),
	(175, '904449315-9', '만화', 'Holdlamis', 'Gisele', 'Feednation', 333, 5147, 'noimage.png', 'tempus semper est quam pharetra magna ac consequat metus sapien ut nunc vestibulum ante', '구편절판', '2021-02-08 00:00:00', '2021-09-23 00:00:00'),
	(176, '619734540-4', '소설', 'Redhold', 'Kizzee', 'Buzzster', 871, 17074, 'noimage.png', 'eu nibh quisque id justo sit amet sapien dignissim vestibulum vestibulum ante ipsum primis', '절판', '2021-08-03 00:00:00', '2021-09-23 00:00:00'),
	(177, '803695878-3', 'IT', 'Temp', 'Minda', 'Photospace', 601, 12989, 'noimage.png', 'diam in magna bibendum imperdiet nullam orci pede venenatis non sodales sed tincidunt eu felis fusce posuere felis sed lacus', '절판', '2021-02-22 00:00:00', '2021-09-23 00:00:00'),
	(178, '535152157-1', '외국어', 'Gembucket', 'Fanechka', 'Vipe', 412, 14710, 'noimage.png', 'at turpis donec posuere metus vitae ipsum aliquam non mauris morbi', '판매중', '2021-02-23 00:00:00', '2021-09-23 00:00:00'),
	(179, '679808303-X', '소설', 'Hatity', 'Elvina', 'Talane', 925, 17126, 'noimage.png', 'vivamus vel nulla eget eros elementum pellentesque quisque porta volutpat erat quisque erat eros viverra eget', '구편절판', '2020-09-23 00:00:00', '2021-09-23 00:00:00'),
	(180, '311751542-9', '외국어', 'Tresom', 'Auria', 'Photofeed', 410, 26766, 'noimage.png', 'sem mauris laoreet ut rhoncus aliquet pulvinar sed nisl nunc rhoncus dui vel sem sed sagittis nam congue', '판매중', '2021-07-02 00:00:00', '2021-09-23 00:00:00'),
	(181, '730014286-9', '경제', 'Viva', 'Lanae', 'Mynte', 681, 14521, 'noimage.png', 'volutpat erat quisque erat eros viverra eget congue eget semper rutrum nulla nunc purus phasellus in felis donec semper', '판매중', '2020-11-12 00:00:00', '2021-09-23 00:00:00'),
	(182, '448290944-0', '소설', 'Home Ing', 'Raynell', 'Tagfeed', 526, 5506, 'noimage.png', 'nascetur ridiculus mus vivamus vestibulum sagittis sapien cum sociis natoque penatibus et', '절판', '2021-05-25 00:00:00', '2021-09-23 00:00:00'),
	(183, '025542724-7', '소설', 'Otcom', 'Frazer', 'Feedfire', 649, 8768, 'noimage.png', 'mattis pulvinar nulla pede ullamcorper augue a suscipit nulla elit ac', '절판', '2021-01-07 00:00:00', '2021-09-23 00:00:00'),
	(184, '526235651-6', '여행', 'Prodder', 'Ambur', 'Dabjam', 290, 18605, 'noimage.png', 'in hac habitasse platea dictumst aliquam augue quam sollicitudin vitae consectetuer eget rutrum at lorem integer tincidunt ante', '판매중', '2021-08-02 00:00:00', '2021-09-23 00:00:00'),
	(185, '215187020-0', '경제', 'Regrant', 'Pattie', 'InnoZ', 342, 20896, 'noimage.png', 'posuere metus vitae ipsum aliquam non mauris morbi non lectus aliquam sit amet diam', '품절', '2021-03-17 00:00:00', '2021-09-23 00:00:00'),
	(186, '517065725-0', '만화', 'Y-Solowarm', 'Munmro', 'Rooxo', 176, 12744, 'noimage.png', 'vestibulum velit id pretium iaculis diam erat fermentum justo nec condimentum neque sapien', '품절', '2020-10-08 00:00:00', '2021-09-23 00:00:00'),
	(187, '618054383-6', 'IT', 'Cardguard', 'Terrence', 'Meezzy', 688, 15413, 'noimage.png', 'ornare imperdiet sapien urna pretium nisl ut volutpat sapien arcu sed augue aliquam', '구편절판', '2021-08-09 00:00:00', '2021-09-23 00:00:00'),
	(188, '181239290-7', '만화', 'Voltsillam', 'Mozes', 'Riffwire', 471, 13919, 'noimage.png', 'nunc proin at turpis a pede posuere nonummy integer non velit donec diam neque vestibulum eget', '판매중', '2021-08-15 00:00:00', '2021-09-23 00:00:00'),
	(189, '480354551-0', '경제', 'Span', 'Ambrosi', 'Zoomdog', 371, 27640, 'noimage.png', 'ligula in lacus curabitur at ipsum ac tellus semper interdum mauris ullamcorper purus sit', '절판', '2020-10-31 00:00:00', '2021-09-23 00:00:00'),
	(190, '773624025-6', '소설', 'Transcof', 'Katti', 'Tagcat', 379, 26665, 'noimage.png', 'ipsum aliquam non mauris morbi non lectus aliquam sit amet diam in magna', '절판', '2021-03-03 00:00:00', '2021-09-23 00:00:00'),
	(191, '547792958-8', '외국어', 'Domainer', 'Seka', 'Voonte', 609, 12171, 'noimage.png', 'justo in hac habitasse platea dictumst etiam faucibus cursus urna', '품절', '2021-06-14 00:00:00', '2021-09-23 00:00:00'),
	(192, '533483401-X', '외국어', 'Aerified', 'Alasdair', 'Trilia', 507, 28378, 'noimage.png', 'aliquam quis turpis eget elit sodales scelerisque mauris sit amet eros suspendisse accumsan tortor quis', '구편절판', '2021-08-15 00:00:00', '2021-09-23 00:00:00'),
	(193, '848753879-7', 'IT', 'Zontrax', 'Sharlene', 'Cogilith', 531, 7827, 'noimage.png', 'tempus vivamus in felis eu sapien cursus vestibulum proin eu mi', '구편절판', '2021-02-17 00:00:00', '2021-09-23 00:00:00'),
	(194, '065289663-4', '경제', 'Wrapsafe', 'Ivonne', 'Jaxworks', 866, 15828, 'noimage.png', 'nisl nunc nisl duis bibendum felis sed interdum venenatis turpis enim blandit mi in porttitor', '절판', '2021-06-20 00:00:00', '2021-09-23 00:00:00'),
	(195, '512419210-0', '소설', 'Tampflex', 'Perle', 'Photofeed', 137, 28373, 'noimage.png', 'sit amet nunc viverra dapibus nulla suscipit ligula in lacus curabitur at ipsum ac tellus semper interdum mauris', '구편절판', '2021-09-19 00:00:00', '2021-09-23 00:00:00'),
	(196, '468940888-2', '여행', 'Solarbreeze', 'Paul', 'Eadel', 964, 5870, 'noimage.png', 'sed ante vivamus tortor duis mattis egestas metus aenean fermentum donec ut mauris eget massa tempor', '절판', '2021-08-22 00:00:00', '2021-09-23 00:00:00'),
	(197, '214802184-2', '경제', 'Zaam-Dox', 'Neill', 'Babbleopia', 439, 12824, 'noimage.png', 'suscipit ligula in lacus curabitur at ipsum ac tellus semper interdum mauris ullamcorper purus sit amet nulla', '구편절판', '2020-12-19 00:00:00', '2021-09-23 00:00:00'),
	(198, '443299215-8', '여행', 'Bigtax', 'Alan', 'Mudo', 269, 25360, 'noimage.png', 'cubilia curae nulla dapibus dolor vel est donec odio justo sollicitudin ut suscipit', '구편절판', '2020-11-22 00:00:00', '2021-09-23 00:00:00'),
	(199, '783735714-0', '외국어', 'Bitchip', 'Britta', 'Tagchat', 944, 14926, 'noimage.png', 'id massa id nisl venenatis lacinia aenean sit amet justo', '품절', '2021-07-08 00:00:00', '2021-09-23 00:00:00'),
	(200, '586800448-5', 'IT', 'Holdlamis', 'Kalila', 'Devbug', 956, 12624, 'noimage.png', 'parturient montes nascetur ridiculus mus etiam vel augue vestibulum rutrum rutrum neque aenean auctor gravida sem', '품절', '2021-05-21 00:00:00', '2021-09-23 00:00:00'),
	(201, '740692144-6', '여행', 'Asoka', 'Carol-jean', 'Tagopia', 486, 29171, 'noimage.png', 'justo in hac habitasse platea dictumst etiam faucibus cursus urna', '절판', '2020-09-27 00:00:00', '2021-09-23 00:00:00'),
	(202, '293698214-6', 'IT', 'Home Ing', 'Sena', 'Zoomcast', 525, 9067, 'noimage.png', 'lectus vestibulum quam sapien varius ut blandit non interdum in ante vestibulum ante', '절판', '2021-03-04 00:00:00', '2021-09-23 00:00:00'),
	(203, '205212166-8', '경제', 'Toughjoyfax', 'Analise', 'Yoveo', 886, 24938, 'noimage.png', 'pretium quis lectus suspendisse potenti in eleifend quam a odio in hac habitasse platea dictumst maecenas', '구편절판', '2021-03-06 00:00:00', '2021-09-23 00:00:00'),
	(204, '007648282-0', '외국어', 'Zathin', 'Lucie', 'Voonyx', 976, 13864, 'noimage.png', 'sapien a libero nam dui proin leo odio porttitor id consequat in consequat ut nulla sed accumsan felis', '절판', '2021-04-04 00:00:00', '2021-09-23 00:00:00'),
	(205, '064974830-1', '경제', 'Subin', 'Amandie', 'Zoombox', 109, 5855, 'noimage.png', 'etiam justo etiam pretium iaculis justo in hac habitasse platea dictumst', '절판', '2021-05-02 00:00:00', '2021-09-23 00:00:00'),
	(206, '910067548-2', 'IT', 'Tempsoft', 'Kaylil', 'Innojam', 288, 27624, 'noimage.png', 'in sapien iaculis congue vivamus metus arcu adipiscing molestie hendrerit at vulputate vitae', '구편절판', '2021-01-18 00:00:00', '2021-09-23 00:00:00'),
	(207, '849587632-9', '경제', 'Holdlamis', 'Imogen', 'Fatz', 617, 10090, 'noimage.png', 'sit amet consectetuer adipiscing elit proin interdum mauris non ligula', '판매중', '2020-11-13 00:00:00', '2021-09-23 00:00:00'),
	(208, '596952439-5', '만화', 'Namfix', 'Katharine', 'Trudeo', 173, 17603, 'noimage.png', 'orci pede venenatis non sodales sed tincidunt eu felis fusce posuere', '절판', '2021-03-05 00:00:00', '2021-09-23 00:00:00'),
	(209, '401415538-2', 'IT', 'Fixflex', 'Terri', 'Yacero', 824, 14747, 'noimage.png', 'justo pellentesque viverra pede ac diam cras pellentesque volutpat dui maecenas tristique est et', '판매중', '2021-06-01 00:00:00', '2021-09-23 00:00:00'),
	(210, '911075084-3', '여행', 'Lotlux', 'Hobie', 'Rhyzio', 264, 7586, 'noimage.png', 'lacus at turpis donec posuere metus vitae ipsum aliquam non mauris morbi non lectus aliquam sit amet', '절판', '2021-07-19 00:00:00', '2021-09-23 00:00:00'),
	(211, '978391742-0', 'IT', 'Gembucket', 'Giavani', 'Feednation', 310, 28568, 'noimage.png', 'congue risus semper porta volutpat quam pede lobortis ligula sit amet eleifend pede libero', '절판', '2020-12-11 00:00:00', '2021-09-23 00:00:00'),
	(212, '347456853-1', '소설', 'Kanlam', 'Steve', 'Muxo', 723, 25863, 'noimage.png', 'lectus in quam fringilla rhoncus mauris enim leo rhoncus sed vestibulum sit amet cursus id turpis integer aliquet massa id', '품절', '2020-09-25 00:00:00', '2021-09-23 00:00:00'),
	(213, '140615767-8', '경제', 'Domainer', 'Melamie', 'Jatri', 384, 24518, 'noimage.png', 'ligula nec sem duis aliquam convallis nunc proin at turpis a pede posuere nonummy', '구편절판', '2021-02-12 00:00:00', '2021-09-23 00:00:00'),
	(214, '051186465-5', '여행', 'Treeflex', 'Imelda', 'Twimbo', 188, 21750, 'noimage.png', 'mauris vulputate elementum nullam varius nulla facilisi cras non velit nec nisi vulputate nonummy', '판매중', '2020-11-27 00:00:00', '2021-09-23 00:00:00'),
	(215, '989302445-5', '외국어', 'Zathin', 'Tris', 'Realblab', 321, 11739, 'noimage.png', 'blandit nam nulla integer pede justo lacinia eget tincidunt eget tempus vel pede morbi porttitor lorem id', '절판', '2021-05-08 00:00:00', '2021-09-23 00:00:00'),
	(216, '662487426-0', '경제', 'Alphazap', 'Valery', 'Meezzy', 890, 6854, 'noimage.png', 'felis sed interdum venenatis turpis enim blandit mi in porttitor pede justo', '구편절판', '2020-11-05 00:00:00', '2021-09-23 00:00:00'),
	(217, '131878350-X', '여행', 'Transcof', 'Tyrone', 'Voomm', 457, 25983, 'noimage.png', 'in faucibus orci luctus et ultrices posuere cubilia curae mauris viverra diam vitae quam', '판매중', '2021-01-22 00:00:00', '2021-09-23 00:00:00'),
	(218, '189995341-8', '만화', 'Tres-Zap', 'Jolee', 'Fanoodle', 938, 6818, 'noimage.png', 'luctus nec molestie sed justo pellentesque viverra pede ac diam cras pellentesque volutpat', '구편절판', '2021-08-24 00:00:00', '2021-09-23 00:00:00'),
	(219, '812191470-1', 'IT', 'Job', 'Katerine', 'Skidoo', 667, 19482, 'noimage.png', 'eget vulputate ut ultrices vel augue vestibulum ante ipsum primis in faucibus orci luctus', '품절', '2020-11-25 00:00:00', '2021-09-23 00:00:00'),
	(220, '175243799-3', '소설', 'Bitchip', 'Norman', 'Zoombeat', 688, 16615, 'noimage.png', 'adipiscing elit proin interdum mauris non ligula pellentesque ultrices phasellus', '절판', '2020-10-07 00:00:00', '2021-09-23 00:00:00'),
	(221, '693591024-2', '만화', 'Ventosanzap', 'Dare', 'Zoozzy', 587, 12580, 'noimage.png', 'dui nec nisi volutpat eleifend donec ut dolor morbi vel lectus in quam fringilla rhoncus mauris enim leo', '구편절판', '2021-05-04 00:00:00', '2021-09-23 00:00:00'),
	(222, '419692522-7', '소설', 'Opela', 'Minnaminnie', 'Quire', 974, 8067, 'noimage.png', 'lectus pellentesque eget nunc donec quis orci eget orci vehicula condimentum curabitur', '품절', '2020-10-04 00:00:00', '2021-09-23 00:00:00'),
	(223, '581648396-X', '여행', 'Toughjoyfax', 'Price', 'Kanoodle', 556, 18374, 'noimage.png', 'erat curabitur gravida nisi at nibh in hac habitasse platea dictumst', '품절', '2020-11-20 00:00:00', '2021-09-23 00:00:00'),
	(224, '522652804-3', '여행', 'Asoka', 'Calida', 'Omba', 207, 13130, 'noimage.png', 'aliquet at feugiat non pretium quis lectus suspendisse potenti in eleifend quam', '구편절판', '2021-06-01 00:00:00', '2021-09-23 00:00:00'),
	(225, '077194000-9', '소설', 'It', 'Cahra', 'Zoozzy', 609, 8797, 'noimage.png', 'vel nisl duis ac nibh fusce lacus purus aliquet at feugiat non pretium quis lectus suspendisse potenti', '판매중', '2021-04-29 00:00:00', '2021-09-23 00:00:00'),
	(226, '466751057-9', '만화', 'Tampflex', 'Guillema', 'Dabjam', 401, 26114, 'noimage.png', 'nullam molestie nibh in lectus pellentesque at nulla suspendisse potenti cras in purus', '구편절판', '2020-11-17 00:00:00', '2021-09-23 00:00:00'),
	(227, '498493033-0', 'IT', 'Latlux', 'Cyndie', 'Topiclounge', 818, 12283, 'noimage.png', 'ac neque duis bibendum morbi non quam nec dui luctus rutrum nulla tellus in sagittis dui', '절판', '2021-08-02 00:00:00', '2021-09-23 00:00:00'),
	(228, '673028188-X', '소설', 'Opela', 'Murial', 'Meetz', 377, 8316, 'noimage.png', 'vestibulum ante ipsum primis in faucibus orci luctus et ultrices posuere cubilia curae mauris viverra diam vitae quam', '판매중', '2020-11-19 00:00:00', '2021-09-23 00:00:00'),
	(229, '226981685-4', 'IT', 'Voyatouch', 'Georg', 'Topiclounge', 850, 26588, 'noimage.png', 'orci luctus et ultrices posuere cubilia curae donec pharetra magna vestibulum', '판매중', '2020-10-17 00:00:00', '2021-09-23 00:00:00'),
	(230, '498074733-7', '외국어', 'Y-Solowarm', 'Marget', 'Yadel', 687, 27412, 'noimage.png', 'vel ipsum praesent blandit lacinia erat vestibulum sed magna at nunc commodo', '판매중', '2021-06-07 00:00:00', '2021-09-23 00:00:00'),
	(231, '128903240-8', '만화', 'Span', 'Manya', 'Zooveo', 259, 6875, 'noimage.png', 'in tempor turpis nec euismod scelerisque quam turpis adipiscing lorem vitae mattis nibh ligula nec sem duis aliquam convallis', '품절', '2021-02-05 00:00:00', '2021-09-23 00:00:00'),
	(232, '828324729-8', '만화', 'Span', 'Pauletta', 'Devpulse', 705, 18857, 'noimage.png', 'pretium quis lectus suspendisse potenti in eleifend quam a odio in hac habitasse platea dictumst maecenas ut massa quis', '구편절판', '2020-11-24 00:00:00', '2021-09-23 00:00:00'),
	(233, '638014041-7', '여행', 'Tampflex', 'Gill', 'Pixoboo', 153, 11139, 'noimage.png', 'duis consequat dui nec nisi volutpat eleifend donec ut dolor morbi vel', '절판', '2021-08-29 00:00:00', '2021-09-23 00:00:00'),
	(234, '247586970-4', '만화', 'Y-find', 'Griselda', 'LiveZ', 292, 12124, 'noimage.png', 'felis fusce posuere felis sed lacus morbi sem mauris laoreet ut rhoncus aliquet pulvinar sed nisl', '구편절판', '2021-02-16 00:00:00', '2021-09-23 00:00:00'),
	(235, '531457509-4', '소설', 'Ventosanzap', 'Oliviero', 'Yotz', 369, 27510, 'noimage.png', 'at turpis donec posuere metus vitae ipsum aliquam non mauris', '판매중', '2020-10-11 00:00:00', '2021-09-23 00:00:00'),
	(236, '431533268-2', '외국어', 'Fixflex', 'Arne', 'Plajo', 908, 8000, 'noimage.png', 'vivamus vestibulum sagittis sapien cum sociis natoque penatibus et magnis dis parturient montes', '절판', '2020-11-08 00:00:00', '2021-09-23 00:00:00'),
	(237, '582668837-8', 'IT', 'Lotstring', 'Ortensia', 'Photospace', 451, 27568, 'noimage.png', 'integer pede justo lacinia eget tincidunt eget tempus vel pede morbi porttitor lorem id ligula suspendisse ornare', '구편절판', '2020-12-27 00:00:00', '2021-09-23 00:00:00'),
	(238, '970657834-X', '소설', 'Asoka', 'Devonna', 'Feedmix', 749, 9124, 'noimage.png', 'commodo vulputate justo in blandit ultrices enim lorem ipsum dolor sit amet consectetuer adipiscing', '절판', '2020-12-24 00:00:00', '2021-09-23 00:00:00'),
	(239, '313749803-1', '여행', 'Zoolab', 'Sidonia', 'Blogpad', 157, 27260, 'noimage.png', 'ut suscipit a feugiat et eros vestibulum ac est lacinia nisi venenatis tristique fusce congue diam id', '판매중', '2021-08-13 00:00:00', '2021-09-23 00:00:00'),
	(240, '123797905-6', '여행', 'Tampflex', 'Cassandre', 'Trunyx', 233, 11030, 'noimage.png', 'consectetuer adipiscing elit proin risus praesent lectus vestibulum quam sapien', '구편절판', '2020-12-24 00:00:00', '2021-09-23 00:00:00'),
	(241, '434635870-5', '여행', 'Daltfresh', 'Jerrine', 'Browsetype', 974, 18168, 'noimage.png', 'est phasellus sit amet erat nulla tempus vivamus in felis eu sapien cursus', '판매중', '2021-03-28 00:00:00', '2021-09-23 00:00:00'),
	(242, '401685941-7', '경제', 'Redhold', 'Quinn', 'Gevee', 957, 19280, 'noimage.png', 'consequat in consequat ut nulla sed accumsan felis ut at dolor quis odio consequat varius integer ac', '절판', '2020-09-29 00:00:00', '2021-09-23 00:00:00'),
	(243, '525126468-2', '외국어', 'Hatity', 'Francene', 'Trilia', 425, 22813, 'noimage.png', 'urna pretium nisl ut volutpat sapien arcu sed augue aliquam erat volutpat', '판매중', '2021-08-06 00:00:00', '2021-09-23 00:00:00'),
	(244, '595167732-7', '소설', 'Opela', 'Gus', 'Thoughtstorm', 399, 20416, 'noimage.png', 'amet sapien dignissim vestibulum vestibulum ante ipsum primis in faucibus orci luctus et ultrices', '구편절판', '2020-10-17 00:00:00', '2021-09-23 00:00:00'),
	(245, '184679666-0', '여행', 'Stim', 'Janis', 'Vidoo', 771, 17026, 'noimage.png', 'amet diam in magna bibendum imperdiet nullam orci pede venenatis non sodales sed tincidunt eu felis fusce', '절판', '2020-10-05 00:00:00', '2021-09-23 00:00:00'),
	(246, '001635952-6', '외국어', 'Temp', 'Kit', 'Abata', 335, 14382, 'noimage.png', 'tellus in sagittis dui vel nisl duis ac nibh fusce lacus purus aliquet at feugiat non pretium quis', '절판', '2021-06-03 00:00:00', '2021-09-23 00:00:00'),
	(247, '991107776-4', '여행', 'Kanlam', 'Agosto', 'Gigabox', 780, 29184, 'noimage.png', 'tortor duis mattis egestas metus aenean fermentum donec ut mauris', '절판', '2020-11-03 00:00:00', '2021-09-23 00:00:00'),
	(248, '123599207-1', '소설', 'Solarbreeze', 'Nada', 'Bubbletube', 361, 20239, 'noimage.png', 'mauris vulputate elementum nullam varius nulla facilisi cras non velit nec nisi', '품절', '2021-02-23 00:00:00', '2021-09-23 00:00:00'),
	(249, '739386271-9', '외국어', 'Vagram', 'Tybie', 'Browsetype', 935, 23433, 'noimage.png', 'suspendisse potenti in eleifend quam a odio in hac habitasse platea dictumst maecenas ut massa quis augue luctus tincidunt nulla', '판매중', '2021-01-03 00:00:00', '2021-09-23 00:00:00'),
	(250, '136394323-5', '경제', 'Stim', 'Lauraine', 'Tazz', 354, 27292, 'noimage.png', 'enim lorem ipsum dolor sit amet consectetuer adipiscing elit proin interdum mauris', '품절', '2021-03-21 00:00:00', '2021-09-23 00:00:00'),
	(251, '839163327-6', '소설', 'Asoka', 'Prince', 'Zooveo', 326, 9069, 'noimage.png', 'augue vestibulum rutrum rutrum neque aenean auctor gravida sem praesent id massa', '구편절판', '2020-10-24 00:00:00', '2021-09-23 00:00:00'),
	(252, '419156299-1', '경제', 'Duobam', 'Abie', 'Jayo', 345, 7510, 'noimage.png', 'tristique fusce congue diam id ornare imperdiet sapien urna pretium nisl', '품절', '2020-12-31 00:00:00', '2021-09-23 00:00:00'),
	(253, '066061614-9', '여행', 'Mat Lam Tam', 'Charley', 'Oodoo', 482, 20051, 'noimage.png', 'faucibus cursus urna ut tellus nulla ut erat id mauris', '품절', '2021-05-03 00:00:00', '2021-09-23 00:00:00'),
	(254, '065884253-6', 'IT', 'Sonsing', 'Angel', 'Yambee', 420, 10631, 'noimage.png', 'id justo sit amet sapien dignissim vestibulum vestibulum ante ipsum', '판매중', '2021-08-30 00:00:00', '2021-09-23 00:00:00'),
	(255, '339694372-4', '만화', 'Span', 'Cly', 'Eabox', 224, 8882, 'noimage.png', 'eros vestibulum ac est lacinia nisi venenatis tristique fusce congue diam id', '구편절판', '2021-07-26 00:00:00', '2021-09-23 00:00:00'),
	(256, '884902717-6', '여행', 'Ronstring', 'Moll', 'Photobug', 121, 8708, 'noimage.png', 'quam pede lobortis ligula sit amet eleifend pede libero quis orci nullam molestie nibh in lectus pellentesque at', '절판', '2021-04-09 00:00:00', '2021-09-23 00:00:00'),
	(257, '148587756-3', '여행', 'Rank', 'Kort', 'Jayo', 479, 15081, 'noimage.png', 'purus sit amet nulla quisque arcu libero rutrum ac lobortis vel dapibus at diam nam tristique', '절판', '2020-11-26 00:00:00', '2021-09-23 00:00:00'),
	(258, '064639958-6', '경제', 'Konklab', 'Delcine', 'Quatz', 279, 6987, 'noimage.png', 'lobortis convallis tortor risus dapibus augue vel accumsan tellus nisi eu', '구편절판', '2020-10-19 00:00:00', '2021-09-23 00:00:00'),
	(259, '314640576-8', '경제', 'Bamity', 'Wynny', 'Skimia', 240, 20764, 'noimage.png', 'natoque penatibus et magnis dis parturient montes nascetur ridiculus mus', '절판', '2021-05-18 00:00:00', '2021-09-23 00:00:00'),
	(260, '721067525-6', '경제', 'Cardify', 'Danice', 'Edgeclub', 411, 25696, 'noimage.png', 'malesuada in imperdiet et commodo vulputate justo in blandit ultrices enim lorem ipsum dolor sit amet consectetuer adipiscing elit', '품절', '2020-12-13 00:00:00', '2021-09-23 00:00:00'),
	(261, '819137050-6', '만화', 'Cookley', 'Roxine', 'Devify', 765, 24692, 'noimage.png', 'quis turpis eget elit sodales scelerisque mauris sit amet eros suspendisse accumsan tortor quis', '구편절판', '2021-04-28 00:00:00', '2021-09-23 00:00:00'),
	(262, '154445129-6', '소설', 'Stringtough', 'Layton', 'Wikido', 519, 13934, 'noimage.png', 'penatibus et magnis dis parturient montes nascetur ridiculus mus vivamus', '판매중', '2021-04-02 00:00:00', '2021-09-23 00:00:00'),
	(263, '669142153-1', '소설', 'Viva', 'Wood', 'Kwimbee', 585, 12344, 'noimage.png', 'vestibulum ante ipsum primis in faucibus orci luctus et ultrices posuere cubilia curae nulla', '절판', '2020-10-03 00:00:00', '2021-09-23 00:00:00'),
	(264, '851289479-2', '경제', 'Latlux', 'Tabina', 'Fivechat', 349, 14060, 'noimage.png', 'praesent id massa id nisl venenatis lacinia aenean sit amet justo morbi ut odio cras mi pede', '판매중', '2021-09-09 00:00:00', '2021-09-23 00:00:00'),
	(265, '222457916-0', '여행', 'Fintone', 'Julie', 'Gigabox', 944, 28638, 'noimage.png', 'diam in magna bibendum imperdiet nullam orci pede venenatis non sodales', '절판', '2020-12-23 00:00:00', '2021-09-23 00:00:00'),
	(266, '225998331-6', '경제', 'Flexidy', 'Henryetta', 'Skidoo', 702, 14154, 'noimage.png', 'pretium iaculis diam erat fermentum justo nec condimentum neque sapien placerat ante nulla justo aliquam', '품절', '2021-08-29 00:00:00', '2021-09-23 00:00:00'),
	(267, '404474737-7', '소설', 'Biodex', 'Caren', 'Topiczoom', 515, 11554, 'noimage.png', 'accumsan tortor quis turpis sed ante vivamus tortor duis mattis egestas metus aenean fermentum donec', '구편절판', '2021-07-09 00:00:00', '2021-09-23 00:00:00'),
	(268, '551299244-9', '외국어', 'Subin', 'Nelly', 'Kare', 494, 23775, 'noimage.png', 'suspendisse potenti nullam porttitor lacus at turpis donec posuere metus vitae ipsum', '구편절판', '2021-02-20 00:00:00', '2021-09-23 00:00:00'),
	(269, '230874047-7', '경제', 'Redhold', 'Tomas', 'Abata', 927, 17490, 'noimage.png', 'vitae quam suspendisse potenti nullam porttitor lacus at turpis donec posuere metus vitae ipsum aliquam non mauris morbi non', '절판', '2021-04-08 00:00:00', '2021-09-23 00:00:00'),
	(270, '346092498-5', '만화', 'Zamit', 'Lebbie', 'Leenti', 591, 6073, 'noimage.png', 'leo odio condimentum id luctus nec molestie sed justo pellentesque viverra pede ac diam cras pellentesque volutpat dui', '품절', '2021-05-20 00:00:00', '2021-09-23 00:00:00'),
	(271, '711349443-9', '외국어', 'Stim', 'Rhona', 'Wikido', 815, 24886, 'noimage.png', 'justo in blandit ultrices enim lorem ipsum dolor sit amet consectetuer adipiscing elit proin', '구편절판', '2021-06-26 00:00:00', '2021-09-23 00:00:00'),
	(272, '819088634-7', '소설', 'Namfix', 'Madlen', 'Bubblemix', 337, 27453, 'noimage.png', 'vel est donec odio justo sollicitudin ut suscipit a feugiat et eros vestibulum ac', '품절', '2020-12-17 00:00:00', '2021-09-23 00:00:00'),
	(273, '921506427-3', '만화', 'Zoolab', 'Gerianna', 'Brainlounge', 846, 27101, 'noimage.png', 'donec diam neque vestibulum eget vulputate ut ultrices vel augue vestibulum ante ipsum primis in faucibus orci luctus et ultrices', '구편절판', '2020-11-15 00:00:00', '2021-09-23 00:00:00'),
	(274, '495119209-8', '만화', 'Wrapsafe', 'Vaughn', 'Browsebug', 919, 20555, 'noimage.png', 'proin risus praesent lectus vestibulum quam sapien varius ut blandit non interdum in ante vestibulum ante ipsum', '품절', '2021-03-18 00:00:00', '2021-09-23 00:00:00'),
	(275, '757525103-0', '만화', 'Voyatouch', 'Florinda', 'Ntags', 424, 7206, 'noimage.png', 'pellentesque volutpat dui maecenas tristique est et tempus semper est quam pharetra', '품절', '2020-12-04 00:00:00', '2021-09-23 00:00:00'),
	(276, '997887546-8', '여행', 'Trippledex', 'Benjie', 'Skyble', 346, 22111, 'noimage.png', 'diam vitae quam suspendisse potenti nullam porttitor lacus at turpis donec', '구편절판', '2021-04-23 00:00:00', '2021-09-23 00:00:00'),
	(277, '705719680-6', 'IT', 'Zontrax', 'Zea', 'Livetube', 510, 24045, 'noimage.png', 'semper interdum mauris ullamcorper purus sit amet nulla quisque arcu libero rutrum ac lobortis vel dapibus at diam nam', '품절', '2021-08-08 00:00:00', '2021-09-23 00:00:00'),
	(278, '054443791-8', '외국어', 'Temp', 'Dugald', 'Mydeo', 601, 14152, 'noimage.png', 'maecenas tristique est et tempus semper est quam pharetra magna ac consequat metus', '구편절판', '2021-08-13 00:00:00', '2021-09-23 00:00:00'),
	(279, '970195738-5', 'IT', 'Overhold', 'Armando', 'Youfeed', 238, 7262, 'noimage.png', 'nisi volutpat eleifend donec ut dolor morbi vel lectus in quam fringilla', '판매중', '2021-01-06 00:00:00', '2021-09-23 00:00:00'),
	(280, '661669871-8', 'IT', 'Stronghold', 'Kalie', 'Kimia', 868, 20966, 'noimage.png', 'lacus morbi sem mauris laoreet ut rhoncus aliquet pulvinar sed nisl nunc rhoncus dui vel sem sed', '구편절판', '2021-02-14 00:00:00', '2021-09-23 00:00:00'),
	(281, '228430369-2', 'IT', 'Matsoft', 'Grannie', 'Yakijo', 152, 22747, 'noimage.png', 'leo pellentesque ultrices mattis odio donec vitae nisi nam ultrices libero non mattis pulvinar nulla pede ullamcorper augue', '절판', '2020-12-26 00:00:00', '2021-09-23 00:00:00'),
	(282, '106370571-1', '외국어', 'It', 'Andeee', 'Voolia', 192, 20910, 'noimage.png', 'cras pellentesque volutpat dui maecenas tristique est et tempus semper est quam pharetra magna ac consequat', '판매중', '2020-12-16 00:00:00', '2021-09-23 00:00:00'),
	(283, '132206283-8', '만화', 'Bitchip', 'Meriel', 'DabZ', 249, 22657, 'noimage.png', 'etiam vel augue vestibulum rutrum rutrum neque aenean auctor gravida sem praesent id massa', '판매중', '2021-05-18 00:00:00', '2021-09-23 00:00:00'),
	(284, '760182925-1', 'IT', 'Subin', 'Temple', 'Edgepulse', 876, 5327, 'noimage.png', 'quisque ut erat curabitur gravida nisi at nibh in hac habitasse platea dictumst', '판매중', '2021-05-04 00:00:00', '2021-09-23 00:00:00'),
	(285, '535183782-X', '만화', 'Flowdesk', 'Herve', 'Mycat', 237, 29173, 'noimage.png', 'dui vel sem sed sagittis nam congue risus semper porta volutpat quam pede lobortis ligula sit amet', '구편절판', '2020-12-15 00:00:00', '2021-09-23 00:00:00'),
	(286, '076966692-2', '소설', 'Kanlam', 'Robby', 'Centizu', 382, 10818, 'noimage.png', 'erat volutpat in congue etiam justo etiam pretium iaculis justo in hac habitasse platea dictumst', '구편절판', '2021-07-28 00:00:00', '2021-09-23 00:00:00'),
	(287, '623795588-7', '경제', 'Tampflex', 'Elvera', 'Kayveo', 611, 13853, 'noimage.png', 'sapien arcu sed augue aliquam erat volutpat in congue etiam justo etiam pretium iaculis justo in', '절판', '2021-05-15 00:00:00', '2021-09-23 00:00:00'),
	(288, '281744424-8', '외국어', 'Zaam-Dox', 'Barnabas', 'Kazu', 596, 8762, 'noimage.png', 'donec dapibus duis at velit eu est congue elementum in hac habitasse platea dictumst morbi vestibulum', '판매중', '2020-11-22 00:00:00', '2021-09-23 00:00:00'),
	(289, '609982509-6', '여행', 'Sonair', 'Trixie', 'Topicstorm', 209, 10924, 'noimage.png', 'nibh in quis justo maecenas rhoncus aliquam lacus morbi quis tortor id nulla ultrices aliquet maecenas', '구편절판', '2021-06-12 00:00:00', '2021-09-23 00:00:00'),
	(290, '410419919-2', '경제', 'Span', 'Cynthea', 'Gigabox', 109, 26093, 'noimage.png', 'tempus sit amet sem fusce consequat nulla nisl nunc nisl duis bibendum felis sed', '판매중', '2021-03-19 00:00:00', '2021-09-23 00:00:00'),
	(291, '345040197-1', '외국어', 'Span', 'Maurits', 'Teklist', 464, 23124, 'noimage.png', 'duis bibendum morbi non quam nec dui luctus rutrum nulla tellus in sagittis dui vel nisl', '품절', '2021-08-29 00:00:00', '2021-09-23 00:00:00'),
	(292, '611128665-X', '소설', 'Ronstring', 'Hamlen', 'Yamia', 967, 11593, 'noimage.png', 'mus etiam vel augue vestibulum rutrum rutrum neque aenean auctor gravida', '구편절판', '2021-03-20 00:00:00', '2021-09-23 00:00:00'),
	(293, '390785752-6', '경제', 'Bitwolf', 'Clarabelle', 'Jetpulse', 223, 5750, 'noimage.png', 'habitasse platea dictumst etiam faucibus cursus urna ut tellus nulla ut erat id mauris vulputate elementum nullam varius nulla facilisi', '품절', '2021-06-03 00:00:00', '2021-09-23 00:00:00'),
	(294, '836156240-0', '경제', 'Konklux', 'Brand', 'Einti', 132, 6274, 'noimage.png', 'vel nisl duis ac nibh fusce lacus purus aliquet at feugiat non pretium quis', '구편절판', '2021-06-20 00:00:00', '2021-09-23 00:00:00'),
	(295, '654204557-0', '소설', 'Viva', 'Joellen', 'Flashspan', 545, 8923, 'noimage.png', 'nulla nunc purus phasellus in felis donec semper sapien a libero nam dui proin leo odio porttitor id', '판매중', '2020-11-12 00:00:00', '2021-09-23 00:00:00'),
	(296, '221369272-6', '외국어', 'Toughjoyfax', 'Karilynn', 'Chatterpoint', 751, 16529, 'noimage.png', 'aliquet massa id lobortis convallis tortor risus dapibus augue vel accumsan tellus nisi', '판매중', '2021-04-10 00:00:00', '2021-09-23 00:00:00'),
	(297, '446660543-2', '여행', 'Opela', 'Kermit', 'Feedfire', 988, 19872, 'noimage.png', 'elit ac nulla sed vel enim sit amet nunc viverra dapibus nulla suscipit ligula in lacus curabitur at ipsum ac', '구편절판', '2020-10-22 00:00:00', '2021-09-23 00:00:00'),
	(298, '012482912-0', '외국어', 'Bitwolf', 'Corrie', 'Quatz', 263, 27833, 'noimage.png', 'lorem id ligula suspendisse ornare consequat lectus in est risus auctor sed', '절판', '2021-05-20 00:00:00', '2021-09-23 00:00:00'),
	(299, '797004208-2', '외국어', 'Tres-Zap', 'Riobard', 'Demimbu', 868, 16658, 'noimage.png', 'id sapien in sapien iaculis congue vivamus metus arcu adipiscing molestie hendrerit at vulputate vitae', '품절', '2020-12-03 00:00:00', '2021-09-23 00:00:00'),
	(300, '561372060-6', '여행', 'Kanlam', 'Rosamund', 'Yotz', 419, 9222, 'noimage.png', 'eget vulputate ut ultrices vel augue vestibulum ante ipsum primis', '구편절판', '2020-11-03 00:00:00', '2021-09-23 00:00:00'),
	(301, '426670127-6', 'IT', 'Duobam', 'Michale', 'Oyope', 876, 11332, 'noimage.png', 'in faucibus orci luctus et ultrices posuere cubilia curae mauris viverra diam vitae quam', '판매중', '2020-10-21 00:00:00', '2021-09-23 00:00:00'),
	(302, '119067277-4', '만화', 'Mat Lam Tam', 'Gilly', 'Fanoodle', 478, 6435, 'noimage.png', 'faucibus orci luctus et ultrices posuere cubilia curae nulla dapibus dolor vel est donec odio', '판매중', '2021-08-01 00:00:00', '2021-09-23 00:00:00'),
	(303, '543188365-8', '외국어', 'Opela', 'Windy', 'Trudoo', 774, 10329, 'noimage.png', 'cras in purus eu magna vulputate luctus cum sociis natoque penatibus et magnis', '판매중', '2021-01-25 00:00:00', '2021-09-23 00:00:00'),
	(304, '236203622-7', '소설', 'Bitchip', 'Frayda', 'Realbridge', 920, 12983, 'noimage.png', 'ridiculus mus vivamus vestibulum sagittis sapien cum sociis natoque penatibus et magnis', '절판', '2021-06-30 00:00:00', '2021-09-23 00:00:00'),
	(305, '360973973-8', '만화', 'Overhold', 'Myrlene', 'Aimbu', 470, 17680, 'noimage.png', 'aliquet ultrices erat tortor sollicitudin mi sit amet lobortis sapien sapien non mi integer ac neque duis bibendum', '품절', '2021-05-25 00:00:00', '2021-09-23 00:00:00'),
	(306, '830243210-5', '소설', 'Sonsing', 'Toby', 'Yodel', 308, 6130, 'noimage.png', 'amet turpis elementum ligula vehicula consequat morbi a ipsum integer a nibh in quis', '절판', '2021-01-22 00:00:00', '2021-09-23 00:00:00'),
	(307, '048842987-0', '외국어', 'Tampflex', 'Claresta', 'Pixope', 186, 6671, 'noimage.png', 'penatibus et magnis dis parturient montes nascetur ridiculus mus etiam vel', '절판', '2021-07-14 00:00:00', '2021-09-23 00:00:00'),
	(308, '821855057-7', '만화', 'Domainer', 'Dalton', 'Skalith', 785, 29660, 'noimage.png', 'in ante vestibulum ante ipsum primis in faucibus orci luctus et ultrices posuere', '품절', '2020-12-28 00:00:00', '2021-09-23 00:00:00'),
	(309, '089353457-9', '여행', 'Treeflex', 'Aldrich', 'Leenti', 250, 24595, 'noimage.png', 'lobortis est phasellus sit amet erat nulla tempus vivamus in', '품절', '2020-12-10 00:00:00', '2021-09-23 00:00:00'),
	(310, '017017401-8', '만화', 'Voyatouch', 'Emilie', 'Jabbersphere', 260, 8662, 'noimage.png', 'augue a suscipit nulla elit ac nulla sed vel enim sit amet nunc viverra dapibus nulla suscipit', '절판', '2020-10-19 00:00:00', '2021-09-23 00:00:00'),
	(311, '973222640-4', 'IT', 'Voltsillam', 'Karin', 'Thoughtmix', 843, 25696, 'noimage.png', 'eros suspendisse accumsan tortor quis turpis sed ante vivamus tortor duis mattis egestas metus aenean fermentum donec ut', '품절', '2021-06-06 00:00:00', '2021-09-23 00:00:00'),
	(312, '045661876-7', 'IT', 'Greenlam', 'Jonas', 'Dazzlesphere', 175, 24480, 'noimage.png', 'ante vestibulum ante ipsum primis in faucibus orci luctus et', '품절', '2021-08-11 00:00:00', '2021-09-23 00:00:00'),
	(313, '477280191-X', '여행', 'Zontrax', 'Marian', 'Wikizz', 430, 24174, 'noimage.png', 'praesent blandit nam nulla integer pede justo lacinia eget tincidunt eget tempus vel pede morbi', '절판', '2021-06-19 00:00:00', '2021-09-23 00:00:00'),
	(314, '593259492-6', '소설', 'Toughjoyfax', 'Hettie', 'Flipbug', 247, 14544, 'noimage.png', 'ultrices enim lorem ipsum dolor sit amet consectetuer adipiscing elit proin interdum mauris non ligula pellentesque ultrices', '절판', '2021-08-21 00:00:00', '2021-09-23 00:00:00'),
	(315, '521520020-3', '만화', 'Duobam', 'Ralf', 'Pixope', 732, 20047, 'noimage.png', 'justo in hac habitasse platea dictumst etiam faucibus cursus urna ut tellus nulla ut erat id mauris vulputate', '구편절판', '2020-11-11 00:00:00', '2021-09-23 00:00:00'),
	(316, '577206136-4', '만화', 'Regrant', 'Tedie', 'Fivechat', 920, 21171, 'noimage.png', 'molestie lorem quisque ut erat curabitur gravida nisi at nibh', '판매중', '2021-02-13 00:00:00', '2021-09-23 00:00:00'),
	(317, '190526987-0', '만화', 'Gembucket', 'Wye', 'Viva', 677, 9496, 'noimage.png', 'eu interdum eu tincidunt in leo maecenas pulvinar lobortis est phasellus sit amet erat nulla', '구편절판', '2020-11-13 00:00:00', '2021-09-23 00:00:00'),
	(318, '783416324-8', 'IT', 'Latlux', 'Basile', 'Skibox', 761, 26835, 'noimage.png', 'felis donec semper sapien a libero nam dui proin leo', '구편절판', '2021-01-31 00:00:00', '2021-09-23 00:00:00'),
	(319, '884914155-6', '경제', 'Aerified', 'Carr', 'Topicware', 126, 27993, 'noimage.png', 'nisl aenean lectus pellentesque eget nunc donec quis orci eget orci vehicula condimentum curabitur in libero ut massa volutpat convallis', '구편절판', '2021-02-21 00:00:00', '2021-09-23 00:00:00'),
	(320, '498667011-5', '소설', 'Flexidy', 'Bobina', 'Shuffledrive', 323, 12975, 'noimage.png', 'non mattis pulvinar nulla pede ullamcorper augue a suscipit nulla elit ac nulla sed vel enim sit amet', '절판', '2020-12-24 00:00:00', '2021-09-23 00:00:00'),
	(321, '179381089-3', '소설', 'Regrant', 'Norma', 'Edgeblab', 403, 29522, 'noimage.png', 'ut nunc vestibulum ante ipsum primis in faucibus orci luctus', '판매중', '2021-04-10 00:00:00', '2021-09-23 00:00:00'),
	(322, '499750591-9', '여행', 'Keylex', 'Ransell', 'Wordpedia', 433, 11071, 'noimage.png', 'aenean lectus pellentesque eget nunc donec quis orci eget orci vehicula condimentum curabitur in libero ut massa volutpat convallis morbi', '절판', '2021-06-10 00:00:00', '2021-09-23 00:00:00'),
	(323, '223070819-8', '외국어', 'Solarbreeze', 'Jolene', 'Linktype', 433, 17066, 'noimage.png', 'tincidunt nulla mollis molestie lorem quisque ut erat curabitur gravida nisi at nibh in hac habitasse platea dictumst aliquam augue', '절판', '2021-04-22 00:00:00', '2021-09-23 00:00:00'),
	(324, '818123343-3', '경제', 'Asoka', 'Raffaello', 'Browsedrive', 896, 23419, 'noimage.png', 'in purus eu magna vulputate luctus cum sociis natoque penatibus et magnis dis parturient montes nascetur ridiculus mus vivamus', '절판', '2021-05-11 00:00:00', '2021-09-23 00:00:00'),
	(325, '035359829-1', '만화', 'Daltfresh', 'Broddie', 'Rhynyx', 775, 19425, 'noimage.png', 'luctus et ultrices posuere cubilia curae nulla dapibus dolor vel est donec odio', '판매중', '2020-12-29 00:00:00', '2021-09-23 00:00:00'),
	(326, '250382360-2', '경제', 'Toughjoyfax', 'Mac', 'Feedbug', 464, 11761, 'noimage.png', 'in eleifend quam a odio in hac habitasse platea dictumst maecenas ut massa quis augue luctus', '절판', '2021-01-07 00:00:00', '2021-09-23 00:00:00'),
	(327, '660267240-1', '소설', 'Zamit', 'Samuel', 'Centidel', 379, 5906, 'noimage.png', 'diam in magna bibendum imperdiet nullam orci pede venenatis non sodales sed tincidunt eu felis fusce posuere', '판매중', '2021-09-13 00:00:00', '2021-09-23 00:00:00'),
	(328, '218058436-9', '만화', 'Quo Lux', 'Elysee', 'Linkbuzz', 793, 21293, 'noimage.png', 'nulla integer pede justo lacinia eget tincidunt eget tempus vel pede morbi porttitor lorem id ligula', '판매중', '2021-02-15 00:00:00', '2021-09-23 00:00:00'),
	(329, '128813312-X', '외국어', 'Kanlam', 'Mose', 'Myworks', 398, 11517, 'noimage.png', 'morbi quis tortor id nulla ultrices aliquet maecenas leo odio condimentum id luctus nec', '판매중', '2021-09-19 00:00:00', '2021-09-23 00:00:00'),
	(330, '434961339-0', '경제', 'Zathin', 'Petunia', 'Youspan', 395, 28885, 'noimage.png', 'curabitur gravida nisi at nibh in hac habitasse platea dictumst aliquam augue', '품절', '2021-06-27 00:00:00', '2021-09-23 00:00:00'),
	(331, '737182448-2', '소설', 'Toughjoyfax', 'Brana', 'Devcast', 226, 9959, 'noimage.png', 'adipiscing elit proin risus praesent lectus vestibulum quam sapien varius ut', '품절', '2021-07-02 00:00:00', '2021-09-23 00:00:00'),
	(332, '390757414-1', '경제', 'Hatity', 'Jobye', 'Twitterlist', 952, 16557, 'noimage.png', 'ante nulla justo aliquam quis turpis eget elit sodales scelerisque mauris sit amet eros suspendisse accumsan tortor quis', '품절', '2021-06-20 00:00:00', '2021-09-23 00:00:00'),
	(333, '888338318-4', '소설', 'Regrant', 'Toni', 'Meevee', 843, 22638, 'noimage.png', 'amet nunc viverra dapibus nulla suscipit ligula in lacus curabitur at', '구편절판', '2021-06-26 00:00:00', '2021-09-23 00:00:00'),
	(334, '558527942-4', '여행', 'Bitwolf', 'Siobhan', 'Dazzlesphere', 782, 23924, 'noimage.png', 'sagittis sapien cum sociis natoque penatibus et magnis dis parturient', '품절', '2021-09-01 00:00:00', '2021-09-23 00:00:00'),
	(335, '770092650-6', '여행', 'Ronstring', 'Tisha', 'Dabjam', 784, 19419, 'noimage.png', 'pede malesuada in imperdiet et commodo vulputate justo in blandit ultrices enim lorem ipsum dolor sit amet consectetuer adipiscing', '절판', '2020-11-24 00:00:00', '2021-09-23 00:00:00'),
	(336, '173321067-9', 'IT', 'Zamit', 'Blithe', 'Jabberbean', 847, 20448, 'noimage.png', 'diam cras pellentesque volutpat dui maecenas tristique est et tempus semper est quam pharetra magna ac', '절판', '2021-09-01 00:00:00', '2021-09-23 00:00:00'),
	(337, '368056536-4', '소설', 'Y-Solowarm', 'Dael', 'Devbug', 962, 27813, 'noimage.png', 'imperdiet sapien urna pretium nisl ut volutpat sapien arcu sed augue aliquam erat volutpat in', '품절', '2021-04-29 00:00:00', '2021-09-23 00:00:00'),
	(338, '339295884-0', '외국어', 'Sonair', 'Hastie', 'Bubblemix', 996, 22035, 'noimage.png', 'suspendisse potenti nullam porttitor lacus at turpis donec posuere metus vitae', '판매중', '2020-11-03 00:00:00', '2021-09-23 00:00:00'),
	(339, '612074985-3', '소설', 'Span', 'Jakob', 'Trunyx', 627, 6671, 'noimage.png', 'rhoncus aliquam lacus morbi quis tortor id nulla ultrices aliquet maecenas', '절판', '2020-12-31 00:00:00', '2021-09-23 00:00:00'),
	(340, '116669678-2', 'IT', 'Span', 'Gallard', 'Yacero', 921, 5299, 'noimage.png', 'posuere metus vitae ipsum aliquam non mauris morbi non lectus aliquam sit amet diam in magna bibendum imperdiet nullam', '절판', '2021-02-02 00:00:00', '2021-09-23 00:00:00'),
	(341, '517112509-0', '소설', 'Stronghold', 'Osmund', 'Lajo', 725, 15778, 'noimage.png', 'ut ultrices vel augue vestibulum ante ipsum primis in faucibus orci luctus et', '판매중', '2020-11-27 00:00:00', '2021-09-23 00:00:00'),
	(342, '328960090-4', '소설', 'Konklab', 'Flem', 'Jazzy', 163, 14477, 'noimage.png', 'nam nulla integer pede justo lacinia eget tincidunt eget tempus vel pede', '구편절판', '2021-02-07 00:00:00', '2021-09-23 00:00:00'),
	(343, '865602960-6', '소설', 'Stringtough', 'Christiane', 'Feedbug', 754, 16289, 'noimage.png', 'sapien in sapien iaculis congue vivamus metus arcu adipiscing molestie hendrerit at vulputate vitae nisl aenean lectus pellentesque', '품절', '2021-06-26 00:00:00', '2021-09-23 00:00:00'),
	(344, '938907975-6', '만화', 'Tempsoft', 'Shellie', 'LiveZ', 908, 18349, 'noimage.png', 'duis aliquam convallis nunc proin at turpis a pede posuere nonummy integer', '품절', '2021-05-13 00:00:00', '2021-09-23 00:00:00'),
	(345, '856912674-3', '경제', 'Y-Solowarm', 'Rutledge', 'Zooveo', 133, 18741, 'noimage.png', 'ullamcorper augue a suscipit nulla elit ac nulla sed vel enim sit amet nunc viverra dapibus nulla suscipit ligula', '구편절판', '2020-11-05 00:00:00', '2021-09-23 00:00:00'),
	(346, '630266974-X', '여행', 'Bigtax', 'Gray', 'Latz', 910, 19136, 'noimage.png', 'tortor id nulla ultrices aliquet maecenas leo odio condimentum id luctus nec molestie sed justo pellentesque viverra pede', '구편절판', '2020-11-21 00:00:00', '2021-09-23 00:00:00'),
	(347, '262907901-5', '만화', 'Stringtough', 'Loreen', 'Browsebug', 399, 11750, 'noimage.png', 'rhoncus aliquam lacus morbi quis tortor id nulla ultrices aliquet', '품절', '2021-08-12 00:00:00', '2021-09-23 00:00:00'),
	(348, '043574632-4', '여행', 'Domainer', 'Valentina', 'Jayo', 819, 14886, 'noimage.png', 'cubilia curae mauris viverra diam vitae quam suspendisse potenti nullam porttitor lacus at turpis donec posuere metus vitae ipsum aliquam', '품절', '2021-04-16 00:00:00', '2021-09-23 00:00:00'),
	(349, '583513395-2', '소설', 'Span', 'Garey', 'Fivechat', 603, 14648, 'noimage.png', 'mi integer ac neque duis bibendum morbi non quam nec', '판매중', '2021-08-28 00:00:00', '2021-09-23 00:00:00'),
	(350, '101033609-6', '여행', 'Solarbreeze', 'Corella', 'Zoozzy', 662, 14992, 'noimage.png', 'in hac habitasse platea dictumst etiam faucibus cursus urna ut tellus nulla ut erat id mauris vulputate', '절판', '2021-03-10 00:00:00', '2021-09-23 00:00:00'),
	(351, '798863432-1', 'IT', 'Mat Lam Tam', 'Hilary', 'Blogtag', 822, 26597, 'noimage.png', 'nisl duis bibendum felis sed interdum venenatis turpis enim blandit mi in porttitor pede', '판매중', '2021-03-30 00:00:00', '2021-09-23 00:00:00'),
	(352, '780664141-6', '외국어', 'Span', 'Rosie', 'Roombo', 581, 6225, 'noimage.png', 'nam congue risus semper porta volutpat quam pede lobortis ligula sit amet eleifend pede libero quis', '절판', '2021-04-05 00:00:00', '2021-09-23 00:00:00'),
	(353, '572874835-X', '외국어', 'Rank', 'Nadine', 'Skyndu', 901, 20181, 'noimage.png', 'in libero ut massa volutpat convallis morbi odio odio elementum eu interdum eu tincidunt', '판매중', '2020-10-29 00:00:00', '2021-09-23 00:00:00'),
	(354, '651479847-0', '외국어', 'It', 'Karla', 'Pixonyx', 394, 22125, 'noimage.png', 'aenean sit amet justo morbi ut odio cras mi pede malesuada in imperdiet et commodo', '품절', '2020-12-02 00:00:00', '2021-09-23 00:00:00'),
	(355, '317755096-4', '만화', 'Redhold', 'Veronique', 'Photolist', 103, 9674, 'noimage.png', 'cum sociis natoque penatibus et magnis dis parturient montes nascetur ridiculus mus vivamus', '품절', '2021-03-30 00:00:00', '2021-09-23 00:00:00'),
	(356, '066664619-8', '여행', 'Bamity', 'Marget', 'Jatri', 330, 10341, 'noimage.png', 'sagittis nam congue risus semper porta volutpat quam pede lobortis ligula', '판매중', '2020-10-15 00:00:00', '2021-09-23 00:00:00'),
	(357, '610179135-1', '경제', 'Quo Lux', 'Rozamond', 'BlogXS', 615, 24004, 'noimage.png', 'quis odio consequat varius integer ac leo pellentesque ultrices mattis odio donec vitae', '구편절판', '2021-07-08 00:00:00', '2021-09-23 00:00:00'),
	(358, '351631265-3', '외국어', 'Latlux', 'Aili', 'Meezzy', 775, 25319, 'noimage.png', 'enim blandit mi in porttitor pede justo eu massa donec dapibus duis at velit eu est congue elementum', '구편절판', '2021-09-12 00:00:00', '2021-09-23 00:00:00'),
	(359, '076202655-3', '외국어', 'Flexidy', 'Ave', 'Lazzy', 727, 7665, 'noimage.png', 'eget eleifend luctus ultricies eu nibh quisque id justo sit amet', '구편절판', '2021-02-16 00:00:00', '2021-09-23 00:00:00'),
	(360, '689843210-9', '여행', 'Veribet', 'Raynor', 'Divanoodle', 163, 20558, 'noimage.png', 'dolor sit amet consectetuer adipiscing elit proin risus praesent lectus vestibulum quam', '판매중', '2020-12-10 00:00:00', '2021-09-23 00:00:00'),
	(361, '305504737-0', '외국어', 'Asoka', 'Thia', 'Cogidoo', 907, 17394, 'noimage.png', 'sollicitudin ut suscipit a feugiat et eros vestibulum ac est lacinia nisi venenatis tristique fusce congue diam id', '품절', '2021-01-31 00:00:00', '2021-09-23 00:00:00'),
	(362, '828907753-X', '만화', 'Sub-Ex', 'Lauraine', 'Jabbertype', 515, 22539, 'noimage.png', 'vulputate vitae nisl aenean lectus pellentesque eget nunc donec quis orci', '구편절판', '2021-06-12 00:00:00', '2021-09-23 00:00:00'),
	(363, '276441403-X', '외국어', 'Bigtax', 'Tommie', 'Janyx', 314, 17322, 'noimage.png', 'ac diam cras pellentesque volutpat dui maecenas tristique est et tempus', '품절', '2021-09-14 00:00:00', '2021-09-23 00:00:00'),
	(364, '919241214-9', '외국어', 'Fix San', 'Mabel', 'Divape', 655, 24558, 'noimage.png', 'lacinia eget tincidunt eget tempus vel pede morbi porttitor lorem id ligula suspendisse ornare consequat lectus in', '절판', '2021-08-31 00:00:00', '2021-09-23 00:00:00'),
	(365, '921920870-9', '소설', 'Tin', 'Tricia', 'Dabjam', 417, 10688, 'noimage.png', 'maecenas tristique est et tempus semper est quam pharetra magna ac consequat metus sapien ut nunc vestibulum ante ipsum primis', '구편절판', '2021-08-23 00:00:00', '2021-09-23 00:00:00'),
	(366, '688600985-0', '경제', 'Wrapsafe', 'Joeann', 'Realfire', 597, 17519, 'noimage.png', 'diam erat fermentum justo nec condimentum neque sapien placerat ante nulla justo aliquam quis', '판매중', '2020-10-29 00:00:00', '2021-09-23 00:00:00'),
	(367, '811840895-7', '만화', 'Veribet', 'Jehu', 'Youspan', 460, 5031, 'noimage.png', 'in consequat ut nulla sed accumsan felis ut at dolor quis odio consequat varius integer ac', '절판', '2021-08-09 00:00:00', '2021-09-23 00:00:00'),
	(368, '171507192-1', '외국어', 'Stringtough', 'Stephenie', 'Riffwire', 164, 20632, 'noimage.png', 'in imperdiet et commodo vulputate justo in blandit ultrices enim lorem ipsum dolor sit amet consectetuer adipiscing', '절판', '2020-10-10 00:00:00', '2021-09-23 00:00:00'),
	(369, '362693356-3', '여행', 'Zaam-Dox', 'Corty', 'Flashdog', 368, 12124, 'noimage.png', 'orci mauris lacinia sapien quis libero nullam sit amet turpis elementum ligula', '절판', '2021-09-03 00:00:00', '2021-09-23 00:00:00'),
	(370, '859495674-6', '외국어', 'Asoka', 'Phyllida', 'Kare', 344, 18753, 'noimage.png', 'ut rhoncus aliquet pulvinar sed nisl nunc rhoncus dui vel sem sed sagittis nam congue risus semper porta', '구편절판', '2021-04-16 00:00:00', '2021-09-23 00:00:00'),
	(371, '798474568-4', '외국어', 'Sonsing', 'Osbourne', 'Latz', 772, 27996, 'noimage.png', 'posuere metus vitae ipsum aliquam non mauris morbi non lectus aliquam sit amet diam in magna bibendum imperdiet nullam', '판매중', '2020-12-06 00:00:00', '2021-09-23 00:00:00'),
	(372, '296505673-4', 'IT', 'Sonsing', 'Cullin', 'Tagchat', 797, 27819, 'noimage.png', 'sapien cursus vestibulum proin eu mi nulla ac enim in tempor turpis nec euismod scelerisque quam turpis', '구편절판', '2021-02-03 00:00:00', '2021-09-23 00:00:00'),
	(373, '102200732-7', '소설', 'Prodder', 'Gay', 'Quire', 799, 14620, 'noimage.png', 'luctus rutrum nulla tellus in sagittis dui vel nisl duis ac nibh fusce lacus purus aliquet at feugiat non', '판매중', '2021-05-08 00:00:00', '2021-09-23 00:00:00'),
	(374, '332144540-9', '소설', 'Greenlam', 'Killie', 'Mynte', 846, 22126, 'noimage.png', 'justo sollicitudin ut suscipit a feugiat et eros vestibulum ac est lacinia nisi venenatis tristique fusce congue diam', '절판', '2020-10-19 00:00:00', '2021-09-23 00:00:00'),
	(375, '470999432-3', '외국어', 'Namfix', 'Keefer', 'Photobug', 783, 10313, 'noimage.png', 'felis eu sapien cursus vestibulum proin eu mi nulla ac enim in tempor turpis', '구편절판', '2021-09-07 00:00:00', '2021-09-23 00:00:00'),
	(376, '378097326-X', '만화', 'Bigtax', 'Rollie', 'Blogspan', 690, 23826, 'noimage.png', 'ipsum praesent blandit lacinia erat vestibulum sed magna at nunc commodo placerat praesent blandit nam', '구편절판', '2021-07-22 00:00:00', '2021-09-23 00:00:00'),
	(377, '264686794-8', '외국어', 'Namfix', 'Kiri', 'Photolist', 860, 25624, 'noimage.png', 'a suscipit nulla elit ac nulla sed vel enim sit amet nunc viverra dapibus nulla suscipit', '판매중', '2021-03-31 00:00:00', '2021-09-23 00:00:00'),
	(378, '310189352-6', 'IT', 'Cardify', 'Emlyn', 'Realpoint', 707, 7873, 'noimage.png', 'amet sem fusce consequat nulla nisl nunc nisl duis bibendum felis sed interdum venenatis', '판매중', '2021-03-14 00:00:00', '2021-09-23 00:00:00'),
	(379, '779952243-7', 'IT', 'Holdlamis', 'Olvan', 'Brainlounge', 503, 24975, 'noimage.png', 'at turpis donec posuere metus vitae ipsum aliquam non mauris morbi non lectus aliquam sit amet diam in', '품절', '2021-07-13 00:00:00', '2021-09-23 00:00:00'),
	(380, '817011139-0', '소설', 'Tempsoft', 'Elizabeth', 'Buzzdog', 783, 16678, 'noimage.png', 'condimentum curabitur in libero ut massa volutpat convallis morbi odio', '절판', '2020-11-13 00:00:00', '2021-09-23 00:00:00'),
	(381, '544177906-3', 'IT', 'Vagram', 'Winona', 'Edgewire', 412, 8972, 'noimage.png', 'faucibus orci luctus et ultrices posuere cubilia curae duis faucibus accumsan odio curabitur convallis duis consequat dui', '구편절판', '2021-05-08 00:00:00', '2021-09-23 00:00:00'),
	(382, '999389699-3', 'IT', 'Hatity', 'Rafaelia', 'Ozu', 376, 14431, 'noimage.png', 'aliquet pulvinar sed nisl nunc rhoncus dui vel sem sed sagittis nam congue', '구편절판', '2021-09-15 00:00:00', '2021-09-23 00:00:00'),
	(383, '793484910-9', 'IT', 'Matsoft', 'Minny', 'Zoonoodle', 268, 18205, 'noimage.png', 'sociis natoque penatibus et magnis dis parturient montes nascetur ridiculus mus etiam vel augue vestibulum rutrum rutrum neque', '품절', '2021-01-17 00:00:00', '2021-09-23 00:00:00'),
	(384, '612276287-3', 'IT', 'Toughjoyfax', 'Kerrie', 'Thoughtsphere', 598, 5000, 'x9788971968413.jpg', 'nisi nam ultrices libero non mattis pulvinar nulla pede ullamcorper augue a suscipit nulla elit ac nulla sed vel enim', '절판', '2021-09-22 00:00:00', '2021-09-24 23:49:47'),
	(385, '999759925-X', '만화', 'Job', 'Joann', 'Blogpad', 248, 16628, 'noimage.png', 'pellentesque ultrices mattis odio donec vitae nisi nam ultrices libero non mattis pulvinar', '품절', '2021-06-23 00:00:00', '2021-09-23 00:00:00'),
	(386, '081855991-8', '여행', 'Konklux', 'Goldie', 'Skyndu', 484, 12200, 'noimage.png', 'donec posuere metus vitae ipsum aliquam non mauris morbi non lectus aliquam sit amet diam in magna bibendum imperdiet', '품절', '2021-07-07 00:00:00', '2021-09-23 00:00:00'),
	(387, '055745132-9', '만화', 'Solarbreeze', 'Whitney', 'Feedmix', 884, 9038, 'noimage.png', 'quis orci eget orci vehicula condimentum curabitur in libero ut', '구편절판', '2021-09-02 00:00:00', '2021-09-23 00:00:00'),
	(388, '306864871-8', 'IT', 'Subin', 'Gaultiero', 'Pixoboo', 378, 20383, 'noimage.png', 'suspendisse potenti in eleifend quam a odio in hac habitasse platea dictumst maecenas ut massa quis augue luctus tincidunt', '절판', '2021-03-22 00:00:00', '2021-09-23 00:00:00'),
	(389, '756117755-0', '소설', 'Stringtough', 'Isahella', 'Topdrive', 915, 7950, 'noimage.png', 'hac habitasse platea dictumst morbi vestibulum velit id pretium iaculis', '구편절판', '2021-05-30 00:00:00', '2021-09-23 00:00:00'),
	(390, '113178398-0', '경제', 'Treeflex', 'Cullin', 'Youfeed', 466, 19917, 'noimage.png', 'nulla sed vel enim sit amet nunc viverra dapibus nulla suscipit ligula in lacus', '절판', '2021-06-02 00:00:00', '2021-09-23 00:00:00'),
	(391, '677690200-3', 'IT', 'Alpha', 'Percival', 'Skilith', 947, 25692, 'noimage.png', 'nisi venenatis tristique fusce congue diam id ornare imperdiet sapien urna', '구편절판', '2020-11-06 00:00:00', '2021-09-23 00:00:00'),
	(392, '137280131-6', '만화', 'It', 'Barney', 'Rhyzio', 585, 8133, 'noimage.png', 'praesent blandit nam nulla integer pede justo lacinia eget tincidunt eget tempus', '판매중', '2020-10-25 00:00:00', '2021-09-23 00:00:00'),
	(393, '994939175-X', 'IT', 'Span', 'Ellary', 'Skinix', 483, 11077, 'noimage.png', 'erat fermentum justo nec condimentum neque sapien placerat ante nulla justo aliquam quis', '구편절판', '2021-05-28 00:00:00', '2021-09-23 00:00:00'),
	(394, '657027955-6', 'IT', 'Span', 'Sherlock', 'Feedbug', 118, 25549, 'noimage.png', 'vestibulum eget vulputate ut ultrices vel augue vestibulum ante ipsum primis', '판매중', '2021-01-03 00:00:00', '2021-09-23 00:00:00'),
	(395, '247051767-2', '여행', 'Overhold', 'Iormina', 'Babbleset', 478, 19270, 'noimage.png', 'mauris enim leo rhoncus sed vestibulum sit amet cursus id turpis integer', '절판', '2020-12-15 00:00:00', '2021-09-23 00:00:00'),
	(396, '125466109-3', '소설', 'Namfix', 'Lani', 'Thoughtbridge', 828, 21005, 'noimage.png', 'dignissim vestibulum vestibulum ante ipsum primis in faucibus orci luctus et ultrices posuere cubilia curae nulla dapibus dolor vel', '판매중', '2021-03-08 00:00:00', '2021-09-23 00:00:00'),
	(397, '790563546-5', '여행', 'Otcom', 'Kissie', 'Devshare', 399, 6633, 'noimage.png', 'lobortis convallis tortor risus dapibus augue vel accumsan tellus nisi eu orci', '절판', '2021-06-16 00:00:00', '2021-09-23 00:00:00'),
	(398, '333881188-8', '외국어', 'Namfix', 'Sutton', 'Fivespan', 314, 10089, 'noimage.png', 'mollis molestie lorem quisque ut erat curabitur gravida nisi at nibh in hac habitasse platea dictumst', '절판', '2020-10-02 00:00:00', '2021-09-23 00:00:00'),
	(399, '718288817-3', '만화', 'Tampflex', 'Malia', 'Buzzbean', 950, 8697, 'noimage.png', 'at turpis a pede posuere nonummy integer non velit donec diam neque vestibulum eget vulputate ut ultrices vel augue vestibulum', '품절', '2021-07-06 00:00:00', '2021-09-23 00:00:00'),
	(400, '861109210-4', '소설', 'Biodex', 'Camellia', 'Browsedrive', 913, 6948, 'noimage.png', 'luctus tincidunt nulla mollis molestie lorem quisque ut erat curabitur gravida nisi at', '품절', '2021-06-12 00:00:00', '2021-09-23 00:00:00'),
	(401, '358355118-4', '소설', 'Bigtax', 'Jeffy', 'Skiptube', 950, 21029, 'noimage.png', 'elementum ligula vehicula consequat morbi a ipsum integer a nibh', '구편절판', '2021-04-30 00:00:00', '2021-09-23 00:00:00'),
	(402, '145714089-6', '소설', 'Y-Solowarm', 'Kariotta', 'Dynabox', 935, 16161, 'noimage.png', 'neque duis bibendum morbi non quam nec dui luctus rutrum nulla tellus in sagittis dui vel nisl duis ac nibh', '절판', '2021-09-09 00:00:00', '2021-09-23 00:00:00'),
	(403, '141565009-8', 'IT', 'Fixflex', 'Adelind', 'Minyx', 716, 19172, 'noimage.png', 'ipsum ac tellus semper interdum mauris ullamcorper purus sit amet nulla quisque arcu libero rutrum ac lobortis', '절판', '2020-11-19 00:00:00', '2021-09-23 00:00:00'),
	(404, '308804502-4', 'IT', 'Y-find', 'Kelbee', 'Agimba', 373, 7846, 'noimage.png', 'orci eget orci vehicula condimentum curabitur in libero ut massa volutpat convallis morbi odio odio elementum eu interdum eu tincidunt', '절판', '2021-06-05 00:00:00', '2021-09-23 00:00:00'),
	(405, '544981450-X', '만화', 'Y-find', 'Scot', 'Yamia', 278, 18347, 'noimage.png', 'rutrum neque aenean auctor gravida sem praesent id massa id nisl venenatis lacinia aenean sit amet justo morbi ut', '구편절판', '2021-06-01 00:00:00', '2021-09-23 00:00:00'),
	(406, '459053458-4', '소설', 'Cardguard', 'Lars', 'Muxo', 147, 25310, 'noimage.png', 'nulla ac enim in tempor turpis nec euismod scelerisque quam turpis adipiscing lorem', '절판', '2021-04-08 00:00:00', '2021-09-23 00:00:00'),
	(407, '644885591-2', '여행', 'Trippledex', 'Catie', 'Babbleblab', 327, 22801, 'noimage.png', 'facilisi cras non velit nec nisi vulputate nonummy maecenas tincidunt lacus', '판매중', '2021-05-27 00:00:00', '2021-09-23 00:00:00'),
	(408, '061617009-2', '외국어', 'Sub-Ex', 'Alana', 'Shuffledrive', 129, 6538, 'noimage.png', 'eget elit sodales scelerisque mauris sit amet eros suspendisse accumsan', '절판', '2021-09-21 00:00:00', '2021-09-23 00:00:00'),
	(409, '323333869-4', 'IT', 'Ventosanzap', 'Austine', 'Oyoyo', 901, 19699, 'noimage.png', 'turpis nec euismod scelerisque quam turpis adipiscing lorem vitae mattis nibh ligula nec sem duis', '절판', '2021-04-10 00:00:00', '2021-09-23 00:00:00'),
	(410, '734375842-X', '여행', 'Matsoft', 'Robby', 'LiveZ', 937, 15942, 'noimage.png', 'platea dictumst aliquam augue quam sollicitudin vitae consectetuer eget rutrum at lorem integer tincidunt ante vel ipsum praesent', '품절', '2021-04-25 00:00:00', '2021-09-23 00:00:00'),
	(411, '660163924-9', '소설', 'Zontrax', 'Nell', 'Oozz', 857, 16987, 'noimage.png', 'vivamus tortor duis mattis egestas metus aenean fermentum donec ut mauris', '판매중', '2020-11-24 00:00:00', '2021-09-23 00:00:00'),
	(412, '785230174-6', '만화', 'Fix San', 'Peggi', 'Skyvu', 288, 18474, 'noimage.png', 'justo etiam pretium iaculis justo in hac habitasse platea dictumst etiam', '절판', '2020-12-26 00:00:00', '2021-09-23 00:00:00'),
	(413, '353024251-9', '여행', 'Kanlam', 'Merrile', 'Mycat', 203, 24641, 'noimage.png', 'luctus et ultrices posuere cubilia curae nulla dapibus dolor vel est donec odio justo sollicitudin ut suscipit a feugiat et', '절판', '2021-02-23 00:00:00', '2021-09-23 00:00:00'),
	(414, '179076401-7', 'IT', 'Namfix', 'Steward', 'Mybuzz', 928, 10597, 'noimage.png', 'vehicula consequat morbi a ipsum integer a nibh in quis justo maecenas rhoncus aliquam lacus morbi', '절판', '2021-05-19 00:00:00', '2021-09-23 00:00:00'),
	(415, '556509975-7', '소설', 'Namfix', 'Levy', 'Browsebug', 873, 19051, 'noimage.png', 'porttitor lacus at turpis donec posuere metus vitae ipsum aliquam non mauris morbi non lectus', '판매중', '2021-01-27 00:00:00', '2021-09-23 00:00:00'),
	(416, '191965174-8', 'IT', 'Sonair', 'Lombard', 'Devify', 886, 10579, 'noimage.png', 'ac nulla sed vel enim sit amet nunc viverra dapibus nulla suscipit ligula in lacus curabitur at ipsum ac tellus', '절판', '2021-05-24 00:00:00', '2021-09-23 00:00:00'),
	(417, '055319608-1', '만화', 'Alpha', 'Beatrix', 'Thoughtworks', 998, 26039, 'noimage.png', 'mi sit amet lobortis sapien sapien non mi integer ac neque duis bibendum morbi non quam', '절판', '2021-03-11 00:00:00', '2021-09-23 00:00:00'),
	(418, '667251547-X', '여행', 'Daltfresh', 'Gardiner', 'Mycat', 972, 21851, 'noimage.png', 'vel nulla eget eros elementum pellentesque quisque porta volutpat erat quisque erat eros viverra eget congue eget semper', '구편절판', '2021-01-24 00:00:00', '2021-09-23 00:00:00'),
	(419, '963935990-4', 'IT', 'Alpha', 'Coletta', 'Vimbo', 668, 22737, 'noimage.png', 'facilisi cras non velit nec nisi vulputate nonummy maecenas tincidunt lacus at velit', '판매중', '2020-11-16 00:00:00', '2021-09-23 00:00:00'),
	(420, '413516954-6', '만화', 'Sonair', 'Tomlin', 'Miboo', 453, 8682, 'noimage.png', 'interdum venenatis turpis enim blandit mi in porttitor pede justo eu massa donec dapibus', '구편절판', '2021-06-08 00:00:00', '2021-09-23 00:00:00'),
	(421, '146686451-6', 'IT', 'Fintone', 'Ardeen', 'Brainbox', 362, 17733, 'noimage.png', 'luctus tincidunt nulla mollis molestie lorem quisque ut erat curabitur gravida nisi at nibh in hac habitasse platea', '품절', '2020-11-08 00:00:00', '2021-09-23 00:00:00'),
	(422, '293535888-0', '외국어', 'Home Ing', 'Christye', 'Roombo', 883, 6496, 'noimage.png', 'leo pellentesque ultrices mattis odio donec vitae nisi nam ultrices libero non mattis pulvinar nulla pede ullamcorper augue', '절판', '2021-09-15 00:00:00', '2021-09-23 00:00:00'),
	(423, '703285254-8', '만화', 'Flexidy', 'Valina', 'Yadel', 348, 28060, 'noimage.png', 'orci nullam molestie nibh in lectus pellentesque at nulla suspendisse potenti cras in', '절판', '2020-11-19 00:00:00', '2021-09-23 00:00:00'),
	(424, '893833758-8', 'IT', 'Duobam', 'Katrinka', 'Kamba', 183, 19770, 'noimage.png', 'cursus id turpis integer aliquet massa id lobortis convallis tortor risus dapibus', '판매중', '2021-04-22 00:00:00', '2021-09-23 00:00:00'),
	(425, '010738318-7', '소설', 'Asoka', 'Britney', 'Tanoodle', 329, 21446, 'noimage.png', 'vulputate ut ultrices vel augue vestibulum ante ipsum primis in faucibus', '판매중', '2021-01-24 00:00:00', '2021-09-23 00:00:00'),
	(426, '426881796-4', '경제', 'Bytecard', 'Fabe', 'Flipbug', 916, 8572, 'noimage.png', 'vitae quam suspendisse potenti nullam porttitor lacus at turpis donec posuere metus', '판매중', '2020-12-02 00:00:00', '2021-09-23 00:00:00'),
	(427, '439181884-1', '여행', 'Stim', 'Olivie', 'Thoughtmix', 333, 23189, 'noimage.png', 'pede lobortis ligula sit amet eleifend pede libero quis orci nullam molestie nibh in lectus pellentesque', '판매중', '2021-05-14 00:00:00', '2021-09-23 00:00:00'),
	(428, '020718014-8', '여행', 'Rank', 'Larina', 'Zazio', 181, 19183, 'noimage.png', 'ultrices posuere cubilia curae duis faucibus accumsan odio curabitur convallis duis consequat dui', '품절', '2021-09-02 00:00:00', '2021-09-23 00:00:00'),
	(429, '119493849-3', '여행', 'Asoka', 'Rosabel', 'Skivee', 522, 5232, 'noimage.png', 'eu interdum eu tincidunt in leo maecenas pulvinar lobortis est phasellus sit amet erat nulla tempus vivamus in felis', '판매중', '2021-01-13 00:00:00', '2021-09-23 00:00:00'),
	(430, '622652718-8', 'IT', 'Home Ing', 'Helga', 'Omba', 891, 15086, 'noimage.png', 'nulla pede ullamcorper augue a suscipit nulla elit ac nulla sed vel enim', '판매중', '2021-01-07 00:00:00', '2021-09-23 00:00:00'),
	(431, '492254981-1', '만화', 'Bitchip', 'Darleen', 'Thoughtbeat', 547, 27085, 'noimage.png', 'integer tincidunt ante vel ipsum praesent blandit lacinia erat vestibulum sed magna at nunc commodo placerat praesent blandit', '품절', '2021-07-05 00:00:00', '2021-09-23 00:00:00'),
	(432, '194285925-2', '경제', 'Mat Lam Tam', 'Randolf', 'Blogtags', 294, 17576, 'noimage.png', 'lacinia sapien quis libero nullam sit amet turpis elementum ligula vehicula', '구편절판', '2021-05-24 00:00:00', '2021-09-23 00:00:00'),
	(433, '192749843-0', 'IT', 'Tres-Zap', 'Melva', 'Mydo', 307, 26357, 'noimage.png', 'nonummy integer non velit donec diam neque vestibulum eget vulputate ut ultrices vel', '절판', '2020-11-24 00:00:00', '2021-09-23 00:00:00'),
	(434, '826452361-7', '경제', 'Bitchip', 'Gregg', 'Ozu', 639, 11160, 'noimage.png', 'eget vulputate ut ultrices vel augue vestibulum ante ipsum primis in faucibus orci luctus', '판매중', '2021-06-11 00:00:00', '2021-09-23 00:00:00'),
	(435, '387283771-0', '외국어', 'Zoolab', 'Amye', 'Bubblemix', 701, 5060, 'noimage.png', 'vitae mattis nibh ligula nec sem duis aliquam convallis nunc proin at turpis a pede posuere nonummy', '구편절판', '2021-04-08 00:00:00', '2021-09-23 00:00:00'),
	(436, '872401911-9', '외국어', 'Flowdesk', 'Nero', 'Browsecat', 310, 28992, 'noimage.png', 'ante vestibulum ante ipsum primis in faucibus orci luctus et ultrices posuere cubilia curae duis', '구편절판', '2020-12-17 00:00:00', '2021-09-23 00:00:00'),
	(437, '259374438-3', '소설', 'Biodex', 'Phaidra', 'Layo', 395, 10877, 'noimage.png', 'ipsum dolor sit amet consectetuer adipiscing elit proin interdum mauris', '구편절판', '2021-09-12 00:00:00', '2021-09-23 00:00:00'),
	(438, '295389719-4', '여행', 'Sonsing', 'Corilla', 'Realbridge', 630, 7775, 'noimage.png', 'nibh fusce lacus purus aliquet at feugiat non pretium quis lectus suspendisse potenti in eleifend', '구편절판', '2021-07-27 00:00:00', '2021-09-23 00:00:00'),
	(439, '052939878-8', '여행', 'Kanlam', 'Karmen', 'Shufflester', 515, 15699, 'noimage.png', 'eu orci mauris lacinia sapien quis libero nullam sit amet turpis elementum ligula vehicula consequat', '구편절판', '2021-05-25 00:00:00', '2021-09-23 00:00:00'),
	(440, '696944962-9', '경제', 'Zaam-Dox', 'Chrisse', 'Youspan', 751, 5216, 'noimage.png', 'odio consequat varius integer ac leo pellentesque ultrices mattis odio', '구편절판', '2021-02-17 00:00:00', '2021-09-23 00:00:00'),
	(441, '052278546-8', '외국어', 'Bamity', 'Birgitta', 'Oba', 987, 16072, 'noimage.png', 'amet turpis elementum ligula vehicula consequat morbi a ipsum integer a nibh', '품절', '2021-06-16 00:00:00', '2021-09-23 00:00:00'),
	(442, '208857675-4', '경제', 'Redhold', 'Nani', 'Livetube', 420, 23022, 'noimage.png', 'in consequat ut nulla sed accumsan felis ut at dolor quis odio consequat varius integer', '품절', '2021-06-02 00:00:00', '2021-09-23 00:00:00'),
	(443, '145698275-3', '만화', 'Transcof', 'Yanaton', 'Skaboo', 770, 7472, 'noimage.png', 'rhoncus aliquam lacus morbi quis tortor id nulla ultrices aliquet maecenas leo odio condimentum id', '품절', '2020-10-10 00:00:00', '2021-09-23 00:00:00'),
	(444, '611407717-2', '경제', 'Andalax', 'Tiebout', 'Gigashots', 655, 27974, 'noimage.png', 'velit vivamus vel nulla eget eros elementum pellentesque quisque porta', '품절', '2021-03-03 00:00:00', '2021-09-23 00:00:00'),
	(445, '755119260-3', 'IT', 'Redhold', 'Thomas', 'Youtags', 230, 5248, 'noimage.png', 'id nisl venenatis lacinia aenean sit amet justo morbi ut odio cras mi pede malesuada in imperdiet', '품절', '2021-07-16 00:00:00', '2021-09-23 00:00:00'),
	(446, '223857471-9', 'IT', 'Cardguard', 'Alphonse', 'Yombu', 220, 18564, 'noimage.png', 'integer aliquet massa id lobortis convallis tortor risus dapibus augue vel accumsan tellus nisi eu', '품절', '2021-02-05 00:00:00', '2021-09-23 00:00:00'),
	(447, '260039023-5', '경제', 'Tres-Zap', 'Alfie', 'Voonix', 707, 23654, 'noimage.png', 'pretium iaculis diam erat fermentum justo nec condimentum neque sapien placerat', '판매중', '2021-07-24 00:00:00', '2021-09-23 00:00:00'),
	(448, '687140808-8', '여행', 'Stronghold', 'Cornie', 'Jabbersphere', 462, 24247, 'noimage.png', 'lacinia aenean sit amet justo morbi ut odio cras mi pede malesuada in imperdiet et commodo vulputate justo', '판매중', '2020-10-09 00:00:00', '2021-09-23 00:00:00'),
	(449, '856286829-9', '외국어', 'Keylex', 'Tad', 'Pixoboo', 960, 16176, 'noimage.png', 'nascetur ridiculus mus etiam vel augue vestibulum rutrum rutrum neque aenean auctor gravida sem praesent', '구편절판', '2020-09-23 00:00:00', '2021-09-23 00:00:00'),
	(450, '265541610-4', 'IT', 'It', 'Elisabet', 'Rhybox', 136, 11784, 'noimage.png', 'felis eu sapien cursus vestibulum proin eu mi nulla ac', '판매중', '2021-03-08 00:00:00', '2021-09-23 00:00:00'),
	(451, '561846045-9', '경제', 'Viva', 'Pierette', 'Trilith', 442, 27261, 'noimage.png', 'sed vestibulum sit amet cursus id turpis integer aliquet massa id lobortis convallis', '절판', '2021-01-07 00:00:00', '2021-09-23 00:00:00'),
	(452, '617982761-3', '경제', 'Alphazap', 'Elora', 'Wordtune', 223, 21222, 'noimage.png', 'nulla sed accumsan felis ut at dolor quis odio consequat varius integer ac leo pellentesque ultrices mattis odio donec', '판매중', '2021-03-05 00:00:00', '2021-09-23 00:00:00'),
	(453, '725379085-5', '외국어', 'Opela', 'Daffie', 'Skipfire', 566, 28569, 'noimage.png', 'lacinia sapien quis libero nullam sit amet turpis elementum ligula vehicula consequat morbi a ipsum integer a nibh in', '품절', '2021-06-17 00:00:00', '2021-09-23 00:00:00'),
	(454, '396817002-4', '외국어', 'Sonair', 'Perry', 'Yamia', 886, 16503, 'noimage.png', 'aliquet at feugiat non pretium quis lectus suspendisse potenti in eleifend quam a odio in hac habitasse platea dictumst maecenas', '품절', '2021-04-26 00:00:00', '2021-09-23 00:00:00'),
	(455, '838939954-7', '여행', 'Konklux', 'Wernher', 'Thoughtbridge', 898, 25336, 'noimage.png', 'penatibus et magnis dis parturient montes nascetur ridiculus mus etiam vel augue vestibulum rutrum rutrum neque aenean auctor', '품절', '2020-10-15 00:00:00', '2021-09-23 00:00:00'),
	(456, '425739859-0', '경제', 'Y-Solowarm', 'Jimmy', 'Youspan', 296, 9825, 'noimage.png', 'volutpat sapien arcu sed augue aliquam erat volutpat in congue etiam justo', '절판', '2020-11-28 00:00:00', '2021-09-23 00:00:00'),
	(457, '509006153-X', '만화', 'Voyatouch', 'Alice', 'Realcube', 771, 5903, 'noimage.png', 'nullam porttitor lacus at turpis donec posuere metus vitae ipsum', '품절', '2021-02-26 00:00:00', '2021-09-23 00:00:00'),
	(458, '659269429-7', '소설', 'Tresom', 'Kissee', 'Realcube', 425, 25303, 'noimage.png', 'orci luctus et ultrices posuere cubilia curae duis faucibus accumsan odio curabitur convallis duis consequat dui nec nisi volutpat', '판매중', '2021-04-22 00:00:00', '2021-09-23 00:00:00'),
	(459, '980496918-1', '외국어', 'Bytecard', 'Maury', 'Voonte', 759, 14064, 'noimage.png', 'sapien cum sociis natoque penatibus et magnis dis parturient montes nascetur ridiculus mus etiam', '품절', '2021-02-04 00:00:00', '2021-09-23 00:00:00'),
	(460, '570334968-0', '소설', 'Domainer', 'Yoko', 'Shufflebeat', 895, 6150, 'noimage.png', 'consectetuer adipiscing elit proin risus praesent lectus vestibulum quam sapien varius ut blandit non interdum in', '절판', '2021-07-19 00:00:00', '2021-09-23 00:00:00'),
	(461, '029944998-X', '소설', 'Tresom', 'Kahlil', 'Topicstorm', 732, 12022, 'noimage.png', 'vivamus vestibulum sagittis sapien cum sociis natoque penatibus et magnis dis parturient montes nascetur ridiculus', '판매중', '2021-01-21 00:00:00', '2021-09-23 00:00:00'),
	(462, '731163113-0', '소설', 'Duobam', 'Graeme', 'Centimia', 926, 18158, 'noimage.png', 'eget eros elementum pellentesque quisque porta volutpat erat quisque erat eros', '구편절판', '2021-05-02 00:00:00', '2021-09-23 00:00:00'),
	(463, '374433626-3', '경제', 'Tin', 'Shawna', 'Eayo', 884, 13680, 'noimage.png', 'sit amet consectetuer adipiscing elit proin risus praesent lectus vestibulum quam sapien', '절판', '2021-07-16 00:00:00', '2021-09-23 00:00:00'),
	(464, '018758792-2', '만화', 'Subin', 'Kingsly', 'Thoughtstorm', 659, 7240, 'noimage.png', 'velit nec nisi vulputate nonummy maecenas tincidunt lacus at velit vivamus vel nulla', '절판', '2021-01-18 00:00:00', '2021-09-23 00:00:00'),
	(465, '239788472-0', '여행', 'Bitchip', 'Alexandros', 'Fivespan', 211, 10809, 'noimage.png', 'enim lorem ipsum dolor sit amet consectetuer adipiscing elit proin interdum mauris', '절판', '2021-04-16 00:00:00', '2021-09-23 00:00:00'),
	(466, '888469166-4', 'IT', 'Job', 'Raymond', 'Buzzbean', 517, 20758, 'noimage.png', 'viverra dapibus nulla suscipit ligula in lacus curabitur at ipsum ac tellus semper interdum mauris ullamcorper purus sit', '절판', '2021-06-23 00:00:00', '2021-09-23 00:00:00'),
	(467, '673050718-7', 'IT', 'Sub-Ex', 'Angil', 'Jayo', 495, 9458, 'noimage.png', 'morbi vel lectus in quam fringilla rhoncus mauris enim leo rhoncus sed vestibulum sit amet cursus id', '품절', '2021-01-13 00:00:00', '2021-09-23 00:00:00'),
	(468, '360981341-5', '경제', 'Tin', 'Carena', 'Riffpedia', 840, 22280, 'noimage.png', 'amet cursus id turpis integer aliquet massa id lobortis convallis tortor risus dapibus augue', '구편절판', '2021-09-03 00:00:00', '2021-09-23 00:00:00'),
	(469, '731998425-3', '만화', 'Voyatouch', 'Leigha', 'Jetpulse', 794, 23334, 'noimage.png', 'lacus at velit vivamus vel nulla eget eros elementum pellentesque quisque', '구편절판', '2021-06-12 00:00:00', '2021-09-23 00:00:00'),
	(470, '210503454-3', 'IT', 'Lotlux', 'Veronique', 'Demivee', 387, 9106, 'noimage.png', 'metus arcu adipiscing molestie hendrerit at vulputate vitae nisl aenean lectus pellentesque eget nunc donec quis orci', '절판', '2020-10-25 00:00:00', '2021-09-23 00:00:00'),
	(471, '641708322-5', '여행', 'Quo Lux', 'Abramo', 'Youopia', 112, 21175, 'noimage.png', 'tincidunt in leo maecenas pulvinar lobortis est phasellus sit amet erat nulla tempus vivamus', '절판', '2020-09-27 00:00:00', '2021-09-23 00:00:00'),
	(472, '381159037-5', 'IT', 'Subin', 'Mycah', 'Photojam', 780, 25107, 'noimage.png', 'ac consequat metus sapien ut nunc vestibulum ante ipsum primis in', '판매중', '2020-11-17 00:00:00', '2021-09-23 00:00:00'),
	(473, '873854347-8', '만화', 'Zontrax', 'Alix', 'Blogtag', 873, 27296, 'noimage.png', 'fusce posuere felis sed lacus morbi sem mauris laoreet ut rhoncus aliquet pulvinar', '구편절판', '2021-09-11 00:00:00', '2021-09-23 00:00:00'),
	(474, '168641077-8', '경제', 'Asoka', 'De witt', 'Fanoodle', 113, 6890, 'noimage.png', 'ut erat curabitur gravida nisi at nibh in hac habitasse', '구편절판', '2021-07-11 00:00:00', '2021-09-23 00:00:00'),
	(475, '806072014-7', '외국어', 'Fintone', 'Marlo', 'Skidoo', 243, 11528, 'noimage.png', 'eget congue eget semper rutrum nulla nunc purus phasellus in felis donec semper', '구편절판', '2020-11-13 00:00:00', '2021-09-23 00:00:00'),
	(476, '614645458-3', '만화', 'Overhold', 'Irma', 'Jabbertype', 414, 13179, 'noimage.png', 'ultrices mattis odio donec vitae nisi nam ultrices libero non mattis', '품절', '2021-06-14 00:00:00', '2021-09-23 00:00:00'),
	(477, '243755178-6', 'IT', 'Sonsing', 'Flor', 'Feednation', 224, 13652, 'noimage.png', 'odio consequat varius integer ac leo pellentesque ultrices mattis odio donec vitae', '품절', '2021-03-03 00:00:00', '2021-09-23 00:00:00'),
	(478, '612207808-5', '경제', 'Prodder', 'Adolpho', 'Thoughtworks', 196, 26605, 'noimage.png', 'interdum mauris ullamcorper purus sit amet nulla quisque arcu libero rutrum ac lobortis vel dapibus', '절판', '2021-05-24 00:00:00', '2021-09-23 00:00:00'),
	(479, '079514611-6', '만화', 'Tres-Zap', 'Pammie', 'Flashdog', 262, 26832, 'noimage.png', 'eros vestibulum ac est lacinia nisi venenatis tristique fusce congue diam id ornare imperdiet sapien urna pretium nisl ut volutpat', '구편절판', '2021-04-09 00:00:00', '2021-09-23 00:00:00'),
	(480, '208959168-4', '소설', 'Trippledex', 'Crosby', 'Viva', 879, 23136, 'noimage.png', 'et tempus semper est quam pharetra magna ac consequat metus', '구편절판', '2021-03-01 00:00:00', '2021-09-23 00:00:00'),
	(481, '247432386-4', '경제', 'Andalax', 'Rae', 'Leexo', 114, 16385, 'noimage.png', 'tincidunt eget tempus vel pede morbi porttitor lorem id ligula suspendisse ornare consequat lectus in est', '품절', '2021-03-20 00:00:00', '2021-09-23 00:00:00'),
	(482, '802789135-3', '외국어', 'Fixflex', 'Rina', 'Eamia', 869, 6553, 'noimage.png', 'enim lorem ipsum dolor sit amet consectetuer adipiscing elit proin interdum mauris non', '구편절판', '2021-08-30 00:00:00', '2021-09-23 00:00:00'),
	(483, '612116917-6', '소설', 'Toughjoyfax', 'Vitia', 'Jaxbean', 749, 6965, 'noimage.png', 'nunc rhoncus dui vel sem sed sagittis nam congue risus semper porta volutpat quam pede lobortis ligula sit amet eleifend', '품절', '2021-04-19 00:00:00', '2021-09-23 00:00:00'),
	(484, '354820508-9', '경제', 'Duobam', 'Franciskus', 'Voonte', 707, 17938, 'noimage.png', 'donec semper sapien a libero nam dui proin leo odio porttitor id consequat in consequat', '품절', '2021-08-04 00:00:00', '2021-09-23 00:00:00'),
	(485, '969869775-6', '만화', 'Regrant', 'Berta', 'Zoomcast', 688, 11121, 'noimage.png', 'et ultrices posuere cubilia curae duis faucibus accumsan odio curabitur convallis duis consequat dui nec nisi volutpat', '품절', '2020-12-04 00:00:00', '2021-09-23 00:00:00'),
	(486, '507833185-9', '외국어', 'Regrant', 'Hanson', 'Tavu', 401, 8117, 'noimage.png', 'lacus at velit vivamus vel nulla eget eros elementum pellentesque quisque', '절판', '2020-10-16 00:00:00', '2021-09-23 00:00:00'),
	(487, '246912891-9', '만화', 'Namfix', 'Davy', 'Thoughtbeat', 330, 23431, 'noimage.png', 'vel est donec odio justo sollicitudin ut suscipit a feugiat et eros', '구편절판', '2020-11-11 00:00:00', '2021-09-23 00:00:00'),
	(488, '456003064-2', '경제', 'Alphazap', 'Herve', 'Twimbo', 116, 19059, 'noimage.png', 'diam in magna bibendum imperdiet nullam orci pede venenatis non sodales sed tincidunt eu', '판매중', '2020-10-17 00:00:00', '2021-09-23 00:00:00'),
	(489, '902467477-8', 'IT', 'Asoka', 'Hadrian', 'Topiclounge', 593, 19488, 'noimage.png', 'turpis nec euismod scelerisque quam turpis adipiscing lorem vitae mattis nibh ligula nec sem duis aliquam', '절판', '2020-11-22 00:00:00', '2021-09-23 00:00:00'),
	(490, '871920383-7', 'IT', 'Solarbreeze', 'Sadie', 'Babbleset', 672, 12862, 'noimage.png', 'sodales sed tincidunt eu felis fusce posuere felis sed lacus morbi sem mauris laoreet ut rhoncus aliquet pulvinar', '절판', '2021-01-14 00:00:00', '2021-09-23 00:00:00'),
	(491, '399024086-2', '외국어', 'Tresom', 'Shantee', 'Jaloo', 810, 25719, 'noimage.png', 'sit amet nunc viverra dapibus nulla suscipit ligula in lacus curabitur at', '품절', '2021-05-19 00:00:00', '2021-09-23 00:00:00'),
	(492, '281086360-1', '경제', 'Greenlam', 'Aggi', 'Agimba', 832, 24227, 'noimage.png', 'sapien in sapien iaculis congue vivamus metus arcu adipiscing molestie hendrerit at vulputate vitae nisl aenean lectus pellentesque eget nunc', '절판', '2020-10-24 00:00:00', '2021-09-23 00:00:00'),
	(493, '617661567-4', '여행', 'Flexidy', 'Feodor', 'LiveZ', 840, 20143, 'noimage.png', 'nulla tempus vivamus in felis eu sapien cursus vestibulum proin eu mi nulla ac enim in tempor turpis', '품절', '2021-02-24 00:00:00', '2021-09-23 00:00:00'),
	(494, '363066092-4', '외국어', 'Prodder', 'Gerianna', 'Skinix', 307, 26837, 'noimage.png', 'ultricies eu nibh quisque id justo sit amet sapien dignissim vestibulum vestibulum ante ipsum', '절판', '2021-01-21 00:00:00', '2021-09-23 00:00:00'),
	(495, '409799242-2', '경제', 'Tres-Zap', 'Cortney', 'Mybuzz', 912, 19368, 'noimage.png', 'vel accumsan tellus nisi eu orci mauris lacinia sapien quis libero nullam', '판매중', '2021-03-15 00:00:00', '2021-09-23 00:00:00'),
	(496, '245021053-9', '만화', 'Zathin', 'Lory', 'Zoonoodle', 202, 17795, 'noimage.png', 'leo rhoncus sed vestibulum sit amet cursus id turpis integer aliquet massa id lobortis convallis tortor risus', '품절', '2021-01-22 00:00:00', '2021-09-23 00:00:00'),
	(497, '718539193-8', '만화', 'Konklux', 'Stevena', 'Brightdog', 767, 29534, 'noimage.png', 'cubilia curae duis faucibus accumsan odio curabitur convallis duis consequat dui nec nisi volutpat eleifend', '품절', '2021-06-18 00:00:00', '2021-09-23 00:00:00'),
	(498, '404336182-3', '만화', 'Stim', 'Jonathan', 'Bubblemix', 860, 11675, 'noimage.png', 'dolor sit amet consectetuer adipiscing elit proin risus praesent lectus vestibulum quam sapien varius ut blandit non interdum', '구편절판', '2021-01-05 00:00:00', '2021-09-23 00:00:00'),
	(499, '019587276-2', '소설', 'Flowdesk', 'Keven', 'Buzzshare', 101, 22253, 'noimage.png', 'ultrices mattis odio donec vitae nisi nam ultrices libero non mattis pulvinar nulla', '판매중', '2021-07-19 00:00:00', '2021-09-23 00:00:00'),
	(500, '209619539-X', 'IT', 'Cardify', 'Gorden', 'JumpXS', 842, 28709, 'noimage.png', 'integer aliquet massa id lobortis convallis tortor risus dapibus augue vel', '판매중', '2020-10-12 00:00:00', '2021-09-23 00:00:00'),
	(501, '657585392-7', 'IT', 'Tres-Zap', 'Jarvis', 'Eidel', 474, 9217, 'noimage.png', 'volutpat convallis morbi odio odio elementum eu interdum eu tincidunt in leo maecenas pulvinar lobortis est phasellus sit', '품절', '2021-03-06 00:00:00', '2021-09-23 00:00:00'),
	(502, '783026225-X', 'IT', 'Bitwolf', 'Alicia', 'Meetz', 344, 21364, 'noimage.png', 'proin eu mi nulla ac enim in tempor turpis nec euismod scelerisque quam turpis adipiscing lorem vitae mattis nibh ligula', '구편절판', '2021-07-25 00:00:00', '2021-09-23 00:00:00'),
	(503, '385952632-4', '여행', 'Andalax', 'Selestina', 'Layo', 784, 19591, 'noimage.png', 'luctus tincidunt nulla mollis molestie lorem quisque ut erat curabitur gravida nisi at nibh in hac habitasse', '구편절판', '2020-10-15 00:00:00', '2021-09-23 00:00:00'),
	(504, '570757636-3', 'IT', 'Job', 'Yorke', 'Flashset', 949, 12371, 'noimage.png', 'dui nec nisi volutpat eleifend donec ut dolor morbi vel lectus in quam fringilla rhoncus mauris enim leo rhoncus sed', '절판', '2021-03-10 00:00:00', '2021-09-23 00:00:00'),
	(505, '744714406-1', 'IT', 'Flowdesk', 'Wain', 'Ntag', 918, 9287, 'noimage.png', 'sapien non mi integer ac neque duis bibendum morbi non quam nec dui luctus rutrum nulla tellus in sagittis', '판매중', '2021-02-17 00:00:00', '2021-09-23 00:00:00'),
	(506, '636051102-9', '소설', 'Bigtax', 'Matelda', 'Meezzy', 526, 19042, 'noimage.png', 'orci vehicula condimentum curabitur in libero ut massa volutpat convallis morbi odio odio elementum eu interdum eu tincidunt', '절판', '2021-01-26 00:00:00', '2021-09-23 00:00:00'),
	(507, '288767793-4', '외국어', 'Lotstring', 'Kerrill', 'Flashspan', 877, 19431, 'noimage.png', 'faucibus orci luctus et ultrices posuere cubilia curae nulla dapibus dolor vel est donec odio justo sollicitudin', '판매중', '2021-07-27 00:00:00', '2021-09-23 00:00:00'),
	(508, '156638754-X', '경제', 'Prodder', 'Krispin', 'Ntag', 374, 28478, 'noimage.png', 'dui luctus rutrum nulla tellus in sagittis dui vel nisl duis ac nibh fusce lacus', '품절', '2020-11-19 00:00:00', '2021-09-23 00:00:00'),
	(509, '579335034-9', '외국어', 'Job', 'Willow', 'Photobug', 702, 22081, 'noimage.png', 'ante nulla justo aliquam quis turpis eget elit sodales scelerisque mauris sit amet eros suspendisse accumsan tortor quis turpis sed', '품절', '2021-04-14 00:00:00', '2021-09-23 00:00:00'),
	(510, '864970397-6', '경제', 'Konklux', 'Terrell', 'Gigaclub', 276, 26631, 'noimage.png', 'ac leo pellentesque ultrices mattis odio donec vitae nisi nam ultrices libero', '절판', '2021-07-01 00:00:00', '2021-09-23 00:00:00'),
	(511, '007939849-9', '외국어', 'Fixflex', 'Amata', 'Divavu', 602, 29981, 'noimage.png', 'pellentesque volutpat dui maecenas tristique est et tempus semper est quam pharetra magna ac consequat metus sapien ut', '품절', '2020-11-29 00:00:00', '2021-09-23 00:00:00'),
	(512, '437616525-5', '만화', 'Gembucket', 'Dylan', 'Youspan', 582, 9974, 'noimage.png', 'consequat in consequat ut nulla sed accumsan felis ut at dolor quis odio consequat varius', '판매중', '2021-08-13 00:00:00', '2021-09-23 00:00:00'),
	(513, '779220855-9', '외국어', 'Stringtough', 'Manya', 'Yodo', 473, 23013, 'noimage.png', 'scelerisque mauris sit amet eros suspendisse accumsan tortor quis turpis sed', '구편절판', '2020-12-24 00:00:00', '2021-09-23 00:00:00'),
	(514, '193909232-9', '만화', 'Bitwolf', 'Algernon', 'Ozu', 251, 8275, 'noimage.png', 'et tempus semper est quam pharetra magna ac consequat metus sapien ut nunc vestibulum ante ipsum primis in', '절판', '2021-09-20 00:00:00', '2021-09-23 00:00:00'),
	(515, '944489096-1', '경제', 'Gembucket', 'Dame', 'Tagchat', 483, 14550, 'noimage.png', 'mattis pulvinar nulla pede ullamcorper augue a suscipit nulla elit ac nulla sed vel enim', '구편절판', '2021-05-24 00:00:00', '2021-09-23 00:00:00'),
	(516, '513502215-5', '경제', 'Solarbreeze', 'Dino', 'Rhybox', 713, 7267, 'noimage.png', 'hac habitasse platea dictumst maecenas ut massa quis augue luctus tincidunt nulla mollis molestie lorem', '절판', '2020-10-24 00:00:00', '2021-09-23 00:00:00'),
	(517, '467272672-X', '외국어', 'Trippledex', 'Elsie', 'Wordware', 122, 16917, 'noimage.png', 'imperdiet nullam orci pede venenatis non sodales sed tincidunt eu', '절판', '2021-02-25 00:00:00', '2021-09-23 00:00:00'),
	(518, '103210300-0', '여행', 'Stronghold', 'Doretta', 'Twitterworks', 314, 24077, 'noimage.png', 'magna vestibulum aliquet ultrices erat tortor sollicitudin mi sit amet lobortis sapien', '구편절판', '2021-05-26 00:00:00', '2021-09-23 00:00:00'),
	(519, '278929284-1', 'IT', 'Cardify', 'Orsa', 'Realcube', 194, 22361, 'noimage.png', 'cras in purus eu magna vulputate luctus cum sociis natoque', '구편절판', '2021-02-21 00:00:00', '2021-09-23 00:00:00'),
	(520, '891037555-8', '여행', 'Zathin', 'Carlita', 'Viva', 317, 9132, 'noimage.png', 'pretium quis lectus suspendisse potenti in eleifend quam a odio in hac', '품절', '2021-03-05 00:00:00', '2021-09-23 00:00:00'),
	(521, '981134536-8', '소설', 'Trippledex', 'Baird', 'Shuffledrive', 782, 10235, 'noimage.png', 'in eleifend quam a odio in hac habitasse platea dictumst maecenas ut massa quis augue luctus tincidunt nulla mollis molestie', '판매중', '2021-05-06 00:00:00', '2021-09-23 00:00:00'),
	(522, '413927789-0', '만화', 'Y-find', 'Wendel', 'Avaveo', 708, 10518, 'noimage.png', 'nunc vestibulum ante ipsum primis in faucibus orci luctus et ultrices posuere cubilia', '판매중', '2021-02-12 00:00:00', '2021-09-23 00:00:00'),
	(523, '688796845-2', '여행', 'Subin', 'Renell', 'Topicshots', 827, 20776, 'noimage.png', 'augue quam sollicitudin vitae consectetuer eget rutrum at lorem integer tincidunt ante vel ipsum praesent blandit', '절판', '2021-02-12 00:00:00', '2021-09-23 00:00:00'),
	(524, '675829469-2', '경제', 'Kanlam', 'Kendal', 'Minyx', 376, 25513, 'noimage.png', 'velit nec nisi vulputate nonummy maecenas tincidunt lacus at velit vivamus', '절판', '2021-03-26 00:00:00', '2021-09-23 00:00:00'),
	(525, '691050725-8', '소설', 'Tempsoft', 'Alisander', 'Agimba', 175, 5119, 'noimage.png', 'faucibus cursus urna ut tellus nulla ut erat id mauris vulputate elementum nullam', '구편절판', '2021-01-25 00:00:00', '2021-09-23 00:00:00'),
	(526, '912383164-2', '만화', 'Kanlam', 'Libby', 'Flashpoint', 963, 8653, 'noimage.png', 'integer tincidunt ante vel ipsum praesent blandit lacinia erat vestibulum sed magna at nunc commodo placerat praesent blandit nam', '구편절판', '2021-07-04 00:00:00', '2021-09-23 00:00:00'),
	(527, '610339257-8', '소설', 'Redhold', 'Myron', 'Kwimbee', 999, 19434, 'noimage.png', 'vestibulum rutrum rutrum neque aenean auctor gravida sem praesent id massa id nisl venenatis lacinia aenean', '절판', '2021-04-14 00:00:00', '2021-09-23 00:00:00'),
	(528, '356364982-0', '외국어', 'Domainer', 'Dorothea', 'Voonder', 943, 27210, 'noimage.png', 'eu magna vulputate luctus cum sociis natoque penatibus et magnis dis parturient montes nascetur ridiculus mus', '판매중', '2020-09-30 00:00:00', '2021-09-23 00:00:00'),
	(529, '626836447-3', '소설', 'Wrapsafe', 'Simone', 'Zoonoodle', 985, 11331, 'noimage.png', 'porttitor id consequat in consequat ut nulla sed accumsan felis ut', '절판', '2021-05-13 00:00:00', '2021-09-23 00:00:00'),
	(530, '446283385-6', '소설', 'Ronstring', 'Rowland', 'Pixoboo', 532, 16726, 'noimage.png', 'morbi quis tortor id nulla ultrices aliquet maecenas leo odio condimentum id luctus', '절판', '2021-01-23 00:00:00', '2021-09-23 00:00:00'),
	(531, '285833877-9', '만화', 'Toughjoyfax', 'Jennine', 'Twimbo', 876, 11241, 'noimage.png', 'habitasse platea dictumst etiam faucibus cursus urna ut tellus nulla ut erat id mauris vulputate elementum nullam varius', '절판', '2021-07-18 00:00:00', '2021-09-23 00:00:00'),
	(532, '690744375-9', '경제', 'Tampflex', 'Colby', 'Twimbo', 789, 11585, 'noimage.png', 'nulla ac enim in tempor turpis nec euismod scelerisque quam turpis adipiscing lorem vitae mattis nibh ligula', '품절', '2021-02-13 00:00:00', '2021-09-23 00:00:00'),
	(533, '029956608-0', '경제', 'Konklux', 'Lynnea', 'Jatri', 882, 6386, 'noimage.png', 'tincidunt eget tempus vel pede morbi porttitor lorem id ligula', '판매중', '2021-01-08 00:00:00', '2021-09-23 00:00:00'),
	(534, '136888886-0', 'IT', 'Daltfresh', 'Alis', 'Skilith', 726, 21481, 'noimage.png', 'eget tempus vel pede morbi porttitor lorem id ligula suspendisse ornare consequat lectus in est risus auctor', '판매중', '2020-09-23 00:00:00', '2021-09-23 00:00:00'),
	(535, '837767649-4', '여행', 'Transcof', 'Eba', 'Linklinks', 616, 14824, 'noimage.png', 'ornare consequat lectus in est risus auctor sed tristique in tempus sit amet sem fusce consequat nulla nisl nunc nisl', '구편절판', '2021-03-14 00:00:00', '2021-09-23 00:00:00'),
	(536, '372558494-X', '외국어', 'Sonsing', 'Daphene', 'Vipe', 603, 21899, 'noimage.png', 'interdum mauris non ligula pellentesque ultrices phasellus id sapien in sapien iaculis congue vivamus', '품절', '2021-04-20 00:00:00', '2021-09-23 00:00:00'),
	(537, '645319438-4', '여행', 'Trippledex', 'Odey', 'Bluezoom', 105, 24240, 'noimage.png', 'mauris sit amet eros suspendisse accumsan tortor quis turpis sed ante vivamus tortor duis mattis egestas metus aenean fermentum', '절판', '2021-01-28 00:00:00', '2021-09-23 00:00:00'),
	(538, '052350039-4', 'IT', 'Fix San', 'Calla', 'Lazz', 431, 29727, 'noimage.png', 'pellentesque viverra pede ac diam cras pellentesque volutpat dui maecenas tristique est et tempus semper', '품절', '2021-03-30 00:00:00', '2021-09-23 00:00:00'),
	(539, '932061240-4', '여행', 'Cardify', 'Gradey', 'Mydeo', 220, 29877, 'noimage.png', 'eleifend luctus ultricies eu nibh quisque id justo sit amet sapien dignissim vestibulum vestibulum ante', '품절', '2020-12-30 00:00:00', '2021-09-23 00:00:00'),
	(540, '071504134-7', 'IT', 'Sub-Ex', 'Eugen', 'Avaveo', 716, 21298, 'noimage.png', 'quam a odio in hac habitasse platea dictumst maecenas ut massa quis augue', '구편절판', '2020-09-30 00:00:00', '2021-09-23 00:00:00'),
	(541, '622227718-7', '소설', 'Latlux', 'Helge', 'Aivee', 725, 9583, 'noimage.png', 'ac neque duis bibendum morbi non quam nec dui luctus rutrum', '구편절판', '2021-08-20 00:00:00', '2021-09-23 00:00:00'),
	(542, '912144460-9', 'IT', 'Prodder', 'Hermann', 'Linktype', 369, 22495, 'noimage.png', 'pretium nisl ut volutpat sapien arcu sed augue aliquam erat volutpat in congue etiam', '품절', '2021-08-17 00:00:00', '2021-09-23 00:00:00'),
	(543, '558484598-1', '경제', 'Matsoft', 'Talya', 'Meevee', 171, 27376, 'noimage.png', 'duis aliquam convallis nunc proin at turpis a pede posuere nonummy', '절판', '2021-07-31 00:00:00', '2021-09-23 00:00:00'),
	(544, '993440136-3', '경제', 'Tampflex', 'Carol-jean', 'Eidel', 683, 23702, 'noimage.png', 'eget nunc donec quis orci eget orci vehicula condimentum curabitur in libero ut massa volutpat convallis morbi odio odio', '판매중', '2020-11-21 00:00:00', '2021-09-23 00:00:00'),
	(545, '952077242-1', 'IT', 'Wrapsafe', 'Nicko', 'Tambee', 285, 11100, 'noimage.png', 'tincidunt nulla mollis molestie lorem quisque ut erat curabitur gravida nisi at nibh', '절판', '2021-07-13 00:00:00', '2021-09-23 00:00:00'),
	(546, '146767907-0', '여행', 'Duobam', 'Anstice', 'Yamia', 643, 29295, 'noimage.png', 'quis orci eget orci vehicula condimentum curabitur in libero ut massa volutpat convallis morbi odio odio elementum eu interdum', '품절', '2021-09-13 00:00:00', '2021-09-23 00:00:00'),
	(547, '331172581-6', '소설', 'Temp', 'Keane', 'Photobean', 815, 16099, 'noimage.png', 'at feugiat non pretium quis lectus suspendisse potenti in eleifend quam a odio in hac habitasse', '판매중', '2020-11-30 00:00:00', '2021-09-23 00:00:00'),
	(548, '699495768-3', '소설', 'Job', 'Augustine', 'Devify', 896, 5034, 'noimage.png', 'aliquet massa id lobortis convallis tortor risus dapibus augue vel accumsan tellus nisi eu orci', '품절', '2021-04-02 00:00:00', '2021-09-23 00:00:00'),
	(549, '605706382-1', 'IT', 'Zathin', 'Prinz', 'Jabberstorm', 390, 12414, 'noimage.png', 'ut rhoncus aliquet pulvinar sed nisl nunc rhoncus dui vel', '절판', '2021-05-29 00:00:00', '2021-09-23 00:00:00'),
	(550, '263947563-0', '경제', 'Kanlam', 'Barbette', 'Leexo', 159, 23142, 'noimage.png', 'consequat nulla nisl nunc nisl duis bibendum felis sed interdum', '품절', '2021-09-16 00:00:00', '2021-09-23 00:00:00'),
	(551, '714393973-0', '경제', 'Pannier', 'Pierson', 'Feedfire', 281, 17654, 'noimage.png', 'in tempus sit amet sem fusce consequat nulla nisl nunc nisl duis bibendum', '판매중', '2021-02-12 00:00:00', '2021-09-23 00:00:00'),
	(552, '019837730-4', '소설', 'Cardguard', 'Patti', 'Twitterbeat', 171, 21582, 'noimage.png', 'consequat metus sapien ut nunc vestibulum ante ipsum primis in faucibus', '품절', '2021-01-12 00:00:00', '2021-09-23 00:00:00'),
	(553, '995703254-2', '외국어', 'Andalax', 'Gino', 'Zoonder', 195, 16456, 'noimage.png', 'aliquam erat volutpat in congue etiam justo etiam pretium iaculis justo in hac habitasse platea', '절판', '2020-10-21 00:00:00', '2021-09-23 00:00:00'),
	(554, '047789974-9', '경제', 'Alphazap', 'Falito', 'Camido', 747, 6298, 'noimage.png', 'lobortis est phasellus sit amet erat nulla tempus vivamus in felis eu sapien', '판매중', '2021-06-02 00:00:00', '2021-09-23 00:00:00'),
	(555, '387458685-5', '만화', 'Daltfresh', 'Rozelle', 'Wordware', 729, 11970, 'noimage.png', 'lacus purus aliquet at feugiat non pretium quis lectus suspendisse potenti in eleifend quam', '판매중', '2021-08-27 00:00:00', '2021-09-23 00:00:00'),
	(556, '632859011-3', '소설', 'Alphazap', 'Richard', 'Roombo', 363, 27281, 'noimage.png', 'vitae ipsum aliquam non mauris morbi non lectus aliquam sit amet diam in magna bibendum imperdiet nullam', '판매중', '2021-06-02 00:00:00', '2021-09-23 00:00:00'),
	(557, '594102988-8', '만화', 'Transcof', 'Risa', 'Babblestorm', 509, 11211, 'noimage.png', 'lorem ipsum dolor sit amet consectetuer adipiscing elit proin interdum mauris non ligula pellentesque ultrices phasellus id', '절판', '2021-06-01 00:00:00', '2021-09-23 00:00:00'),
	(558, '735270765-4', '소설', 'Flexidy', 'Rina', 'Wordify', 923, 20637, 'noimage.png', 'eu interdum eu tincidunt in leo maecenas pulvinar lobortis est phasellus sit amet erat nulla tempus vivamus in', '절판', '2020-10-26 00:00:00', '2021-09-23 00:00:00'),
	(559, '349217268-7', '소설', 'Keylex', 'Theobald', 'Skyble', 838, 12373, 'noimage.png', 'donec dapibus duis at velit eu est congue elementum in hac', '품절', '2021-05-06 00:00:00', '2021-09-23 00:00:00'),
	(560, '508327326-8', '소설', 'Viva', 'Reynard', 'Aivee', 705, 11025, 'noimage.png', 'nulla tellus in sagittis dui vel nisl duis ac nibh fusce lacus purus aliquet at feugiat', '절판', '2021-03-23 00:00:00', '2021-09-23 00:00:00'),
	(561, '898696033-8', '만화', 'Redhold', 'Johnathan', 'Digitube', 384, 27739, 'noimage.png', 'lacinia sapien quis libero nullam sit amet turpis elementum ligula vehicula consequat morbi a ipsum integer a nibh', '절판', '2021-08-01 00:00:00', '2021-09-23 00:00:00'),
	(562, '687742092-6', 'IT', 'Namfix', 'Jennie', 'Feedbug', 795, 8812, 'noimage.png', 'morbi odio odio elementum eu interdum eu tincidunt in leo maecenas pulvinar lobortis est phasellus', '구편절판', '2021-04-04 00:00:00', '2021-09-23 00:00:00'),
	(563, '707026315-5', '만화', 'Vagram', 'Kippy', 'Tavu', 724, 5747, 'noimage.png', 'volutpat sapien arcu sed augue aliquam erat volutpat in congue etiam justo etiam', '품절', '2020-11-21 00:00:00', '2021-09-23 00:00:00'),
	(564, '914039080-2', '소설', 'Mat Lam Tam', 'Sancho', 'Tagfeed', 967, 29790, 'noimage.png', 'justo morbi ut odio cras mi pede malesuada in imperdiet et commodo vulputate justo', '구편절판', '2020-12-10 00:00:00', '2021-09-23 00:00:00'),
	(565, '350739675-0', '만화', 'Bamity', 'Dorice', 'Skynoodle', 258, 18339, 'noimage.png', 'ac nibh fusce lacus purus aliquet at feugiat non pretium quis lectus suspendisse potenti in eleifend quam a odio', '절판', '2021-01-12 00:00:00', '2021-09-23 00:00:00'),
	(566, '025950850-0', '여행', 'Quo Lux', 'Leelah', 'Kamba', 619, 12274, 'noimage.png', 'sed augue aliquam erat volutpat in congue etiam justo etiam pretium', '절판', '2020-11-15 00:00:00', '2021-09-23 00:00:00'),
	(567, '683257554-8', '만화', 'Y-find', 'Lillis', 'Lazz', 670, 5236, 'noimage.png', 'vitae nisl aenean lectus pellentesque eget nunc donec quis orci eget orci vehicula condimentum', '절판', '2021-02-15 00:00:00', '2021-09-23 00:00:00'),
	(568, '545698643-4', '여행', 'Vagram', 'Wakefield', 'Realfire', 335, 5196, 'noimage.png', 'volutpat dui maecenas tristique est et tempus semper est quam pharetra', '구편절판', '2021-03-16 00:00:00', '2021-09-23 00:00:00'),
	(569, '508828010-6', '외국어', 'Zathin', 'Freedman', 'Innotype', 513, 20676, 'noimage.png', 'posuere cubilia curae mauris viverra diam vitae quam suspendisse potenti nullam', '품절', '2020-11-23 00:00:00', '2021-09-23 00:00:00'),
	(570, '272403109-1', '경제', 'Job', 'Kalie', 'Quinu', 274, 19511, 'noimage.png', 'eros suspendisse accumsan tortor quis turpis sed ante vivamus tortor duis mattis egestas metus aenean fermentum donec ut', '품절', '2021-02-07 00:00:00', '2021-09-23 00:00:00'),
	(571, '698468888-4', '외국어', 'Zaam-Dox', 'Annetta', 'Roodel', 647, 24080, 'noimage.png', 'mus etiam vel augue vestibulum rutrum rutrum neque aenean auctor gravida sem praesent id massa id nisl venenatis', '판매중', '2021-02-18 00:00:00', '2021-09-23 00:00:00'),
	(572, '805155165-6', '경제', 'Opela', 'Esme', 'Skinder', 273, 18119, 'noimage.png', 'sapien non mi integer ac neque duis bibendum morbi non quam nec dui luctus', '판매중', '2021-02-19 00:00:00', '2021-09-23 00:00:00'),
	(573, '062444742-1', '만화', 'Treeflex', 'Dre', 'Zoomlounge', 323, 23578, 'noimage.png', 'donec semper sapien a libero nam dui proin leo odio porttitor', '절판', '2021-04-26 00:00:00', '2021-09-23 00:00:00'),
	(574, '594733405-4', '외국어', 'Fix San', 'Pooh', 'Pixonyx', 792, 15183, 'noimage.png', 'quis turpis sed ante vivamus tortor duis mattis egestas metus aenean fermentum donec ut', '품절', '2021-06-08 00:00:00', '2021-09-23 00:00:00'),
	(575, '579853946-6', '여행', 'Bamity', 'Donielle', 'Demizz', 217, 22461, 'noimage.png', 'commodo placerat praesent blandit nam nulla integer pede justo lacinia eget tincidunt eget', '구편절판', '2021-04-11 00:00:00', '2021-09-23 00:00:00'),
	(576, '236917473-0', '외국어', 'Wrapsafe', 'Kevina', 'Tagpad', 856, 20351, 'noimage.png', 'ac nulla sed vel enim sit amet nunc viverra dapibus nulla suscipit ligula in', '구편절판', '2021-03-22 00:00:00', '2021-09-23 00:00:00'),
	(577, '634667931-7', '소설', 'Duobam', 'Dosi', 'Wordtune', 633, 27725, 'noimage.png', 'ut erat curabitur gravida nisi at nibh in hac habitasse platea dictumst aliquam', '구편절판', '2021-03-25 00:00:00', '2021-09-23 00:00:00'),
	(578, '083227567-0', 'IT', 'Overhold', 'Silvano', 'Twinte', 192, 8489, 'noimage.png', 'est phasellus sit amet erat nulla tempus vivamus in felis eu sapien cursus vestibulum', '구편절판', '2020-10-16 00:00:00', '2021-09-23 00:00:00'),
	(579, '024190178-2', '여행', 'Bitchip', 'Siffre', 'Dabvine', 449, 27674, 'noimage.png', 'maecenas tristique est et tempus semper est quam pharetra magna', '절판', '2021-07-25 00:00:00', '2021-09-23 00:00:00'),
	(580, '019220796-2', '경제', 'Trippledex', 'Elora', 'Mydeo', 896, 16578, 'noimage.png', 'non interdum in ante vestibulum ante ipsum primis in faucibus orci luctus et ultrices posuere cubilia curae duis faucibus accumsan', '판매중', '2021-06-13 00:00:00', '2021-09-23 00:00:00'),
	(581, '573249072-8', '여행', 'Kanlam', 'Rickard', 'Skippad', 993, 11008, 'noimage.png', 'vel augue vestibulum ante ipsum primis in faucibus orci luctus', '구편절판', '2021-01-11 00:00:00', '2021-09-23 00:00:00'),
	(582, '809843037-5', '경제', 'Y-find', 'Ralina', 'Ooba', 528, 5907, 'noimage.png', 'tempor convallis nulla neque libero convallis eget eleifend luctus ultricies eu nibh quisque id justo sit amet', '판매중', '2021-03-19 00:00:00', '2021-09-23 00:00:00'),
	(583, '141848595-0', '외국어', 'Stringtough', 'Constantine', 'Yakitri', 326, 12575, 'noimage.png', 'odio porttitor id consequat in consequat ut nulla sed accumsan felis ut at dolor quis odio consequat', '구편절판', '2020-12-12 00:00:00', '2021-09-23 00:00:00'),
	(584, '938492912-3', '만화', 'Asoka', 'Barbey', 'Linkbridge', 711, 17058, 'noimage.png', 'et ultrices posuere cubilia curae duis faucibus accumsan odio curabitur convallis duis consequat dui nec nisi volutpat eleifend donec', '판매중', '2020-12-16 00:00:00', '2021-09-23 00:00:00'),
	(585, '428477953-2', '외국어', 'Quo Lux', 'Franciska', 'Realpoint', 468, 27083, 'noimage.png', 'bibendum felis sed interdum venenatis turpis enim blandit mi in porttitor pede justo eu massa donec dapibus duis', '구편절판', '2021-07-09 00:00:00', '2021-09-23 00:00:00'),
	(586, '525933681-X', 'IT', 'Cardguard', 'Reiko', 'Tagpad', 134, 21922, 'noimage.png', 'tristique fusce congue diam id ornare imperdiet sapien urna pretium', '절판', '2020-12-25 00:00:00', '2021-09-23 00:00:00'),
	(587, '084741386-1', '외국어', 'Ronstring', 'Osmond', 'Shufflester', 626, 12124, 'noimage.png', 'suscipit a feugiat et eros vestibulum ac est lacinia nisi venenatis', '구편절판', '2020-09-25 00:00:00', '2021-09-23 00:00:00'),
	(588, '635450250-1', 'IT', 'Ventosanzap', 'Kristos', 'Browsezoom', 758, 14536, 'noimage.png', 'nisl duis ac nibh fusce lacus purus aliquet at feugiat non pretium quis lectus suspendisse potenti in eleifend quam a', '품절', '2021-05-02 00:00:00', '2021-09-23 00:00:00'),
	(589, '684090211-0', '외국어', 'Prodder', 'Odille', 'Jetwire', 902, 10280, 'noimage.png', 'morbi porttitor lorem id ligula suspendisse ornare consequat lectus in est risus auctor sed tristique in tempus sit', '구편절판', '2020-12-23 00:00:00', '2021-09-23 00:00:00'),
	(590, '302194633-X', '외국어', 'Cookley', 'Georgy', 'Skalith', 726, 6990, 'noimage.png', 'mollis molestie lorem quisque ut erat curabitur gravida nisi at nibh in hac habitasse platea dictumst aliquam augue', '판매중', '2021-05-15 00:00:00', '2021-09-23 00:00:00'),
	(591, '309508804-3', '외국어', 'Fintone', 'Lora', 'Jaloo', 617, 24711, 'noimage.png', 'quam sapien varius ut blandit non interdum in ante vestibulum ante ipsum primis in faucibus', '구편절판', '2021-07-10 00:00:00', '2021-09-23 00:00:00'),
	(592, '963144514-3', '만화', 'Toughjoyfax', 'Lanie', 'Kazio', 797, 10592, 'noimage.png', 'duis bibendum morbi non quam nec dui luctus rutrum nulla tellus in sagittis dui vel nisl duis ac nibh fusce', '절판', '2020-11-15 00:00:00', '2021-09-23 00:00:00'),
	(593, '998665280-4', '외국어', 'Subin', 'Renata', 'Skivee', 821, 18321, 'noimage.png', 'quam sollicitudin vitae consectetuer eget rutrum at lorem integer tincidunt ante vel ipsum praesent blandit lacinia erat', '판매중', '2021-02-08 00:00:00', '2021-09-23 00:00:00'),
	(594, '416141965-1', '외국어', 'Quo Lux', 'Maia', 'Dabtype', 368, 26424, 'noimage.png', 'donec dapibus duis at velit eu est congue elementum in hac habitasse platea dictumst morbi vestibulum velit id pretium iaculis', '구편절판', '2020-10-22 00:00:00', '2021-09-23 00:00:00'),
	(595, '253613495-4', '여행', 'Duobam', 'Dino', 'Flashdog', 983, 14168, 'noimage.png', 'leo rhoncus sed vestibulum sit amet cursus id turpis integer aliquet massa id lobortis convallis', '품절', '2021-01-05 00:00:00', '2021-09-23 00:00:00'),
	(596, '632652111-4', 'IT', 'Konklab', 'Merrile', 'Flashpoint', 940, 5929, 'noimage.png', 'urna ut tellus nulla ut erat id mauris vulputate elementum', '판매중', '2021-07-02 00:00:00', '2021-09-23 00:00:00'),
	(597, '740222318-3', '경제', 'Zaam-Dox', 'Dahlia', 'Buzzster', 626, 19356, 'noimage.png', 'mauris morbi non lectus aliquam sit amet diam in magna bibendum imperdiet nullam orci', '절판', '2021-04-24 00:00:00', '2021-09-23 00:00:00'),
	(598, '242281783-1', 'IT', 'Zamit', 'Dacy', 'Camimbo', 570, 7769, 'noimage.png', 'porta volutpat erat quisque erat eros viverra eget congue eget semper rutrum nulla', '구편절판', '2020-12-07 00:00:00', '2021-09-23 00:00:00'),
	(599, '279270991-X', 'IT', 'Sonsing', 'Shea', 'Fliptune', 749, 21718, 'noimage.png', 'ligula vehicula consequat morbi a ipsum integer a nibh in quis justo maecenas rhoncus', '판매중', '2021-08-11 00:00:00', '2021-09-23 00:00:00'),
	(600, '871073092-3', '외국어', 'Zoolab', 'Randolf', 'Flipstorm', 655, 24203, 'noimage.png', 'cum sociis natoque penatibus et magnis dis parturient montes nascetur ridiculus mus vivamus vestibulum sagittis', '판매중', '2020-11-10 00:00:00', '2021-09-23 00:00:00'),
	(601, '255535388-7', '여행', 'Y-find', 'Herta', 'Avaveo', 990, 11790, 'noimage.png', 'volutpat eleifend donec ut dolor morbi vel lectus in quam fringilla', '절판', '2021-02-01 00:00:00', '2021-09-23 00:00:00'),
	(602, '282913826-0', '경제', 'Sonair', 'Randolf', 'Tagpad', 604, 19225, 'noimage.png', 'velit nec nisi vulputate nonummy maecenas tincidunt lacus at velit vivamus vel nulla eget eros', '판매중', '2021-06-06 00:00:00', '2021-09-23 00:00:00'),
	(603, '651460566-4', '만화', 'Bytecard', 'Jorry', 'Youfeed', 796, 9269, 'noimage.png', 'sem duis aliquam convallis nunc proin at turpis a pede posuere nonummy integer non velit donec diam', '구편절판', '2021-08-16 00:00:00', '2021-09-23 00:00:00'),
	(604, '646539060-4', '만화', 'Y-Solowarm', 'Lexi', 'Mydo', 229, 24746, 'noimage.png', 'in blandit ultrices enim lorem ipsum dolor sit amet consectetuer adipiscing', '절판', '2020-12-17 00:00:00', '2021-09-23 00:00:00'),
	(605, '706424671-6', '만화', 'Stronghold', 'Filippa', 'Minyx', 779, 24589, 'noimage.png', 'id massa id nisl venenatis lacinia aenean sit amet justo morbi ut odio cras mi pede malesuada', '품절', '2021-07-10 00:00:00', '2021-09-23 00:00:00'),
	(606, '183170092-1', '여행', 'Zaam-Dox', 'Cob', 'Flipopia', 559, 5445, 'noimage.png', 'a ipsum integer a nibh in quis justo maecenas rhoncus aliquam', '절판', '2021-03-08 00:00:00', '2021-09-23 00:00:00'),
	(607, '388080261-0', '여행', 'Y-find', 'Sonya', 'Eidel', 647, 19065, 'noimage.png', 'gravida nisi at nibh in hac habitasse platea dictumst aliquam', '절판', '2020-09-28 00:00:00', '2021-09-23 00:00:00'),
	(608, '035890101-4', '소설', 'Lotstring', 'Harrison', 'Blognation', 329, 6780, 'noimage.png', 'pede justo eu massa donec dapibus duis at velit eu est congue', '품절', '2021-04-12 00:00:00', '2021-09-23 00:00:00'),
	(609, '924164395-1', '만화', 'Keylex', 'Cleo', 'Twitternation', 485, 8610, 'noimage.png', 'leo maecenas pulvinar lobortis est phasellus sit amet erat nulla tempus vivamus', '절판', '2021-07-27 00:00:00', '2021-09-23 00:00:00'),
	(610, '370468673-5', '경제', 'Namfix', 'Taber', 'Minyx', 750, 16091, 'noimage.png', 'semper rutrum nulla nunc purus phasellus in felis donec semper sapien a libero nam dui proin leo', '구편절판', '2021-01-15 00:00:00', '2021-09-23 00:00:00'),
	(611, '393352951-4', 'IT', 'Asoka', 'Conni', 'Jabbersphere', 660, 23164, 'noimage.png', 'aenean sit amet justo morbi ut odio cras mi pede malesuada in imperdiet et commodo vulputate justo', '판매중', '2020-10-20 00:00:00', '2021-09-23 00:00:00'),
	(612, '853070406-1', '경제', 'Bytecard', 'Bunny', 'Eimbee', 608, 22400, 'noimage.png', 'faucibus cursus urna ut tellus nulla ut erat id mauris vulputate elementum nullam varius nulla facilisi cras non velit nec', '판매중', '2020-11-20 00:00:00', '2021-09-23 00:00:00'),
	(613, '963342057-1', '경제', 'Pannier', 'Eve', 'Zooxo', 134, 14924, 'noimage.png', 'at dolor quis odio consequat varius integer ac leo pellentesque ultrices mattis odio donec vitae nisi nam ultrices libero non', '절판', '2020-12-19 00:00:00', '2021-09-23 00:00:00'),
	(614, '295337754-9', '만화', 'Biodex', 'Sileas', 'Babbleopia', 475, 28301, 'noimage.png', 'in hac habitasse platea dictumst aliquam augue quam sollicitudin vitae consectetuer', '구편절판', '2021-02-01 00:00:00', '2021-09-23 00:00:00'),
	(615, '483908575-7', '경제', 'Alpha', 'Jacki', 'Jayo', 409, 13858, 'noimage.png', 'eget eleifend luctus ultricies eu nibh quisque id justo sit amet', '구편절판', '2021-07-15 00:00:00', '2021-09-23 00:00:00'),
	(616, '823573692-6', '만화', 'Ronstring', 'Maxy', 'Rhyzio', 209, 16253, 'noimage.png', 'turpis donec posuere metus vitae ipsum aliquam non mauris morbi non lectus aliquam sit amet diam in magna bibendum imperdiet', '구편절판', '2020-11-13 00:00:00', '2021-09-23 00:00:00'),
	(617, '388667584-X', '외국어', 'Zamit', 'Tammy', 'Photofeed', 463, 14905, 'noimage.png', 'id mauris vulputate elementum nullam varius nulla facilisi cras non', '품절', '2021-05-09 00:00:00', '2021-09-23 00:00:00'),
	(618, '427177212-7', '소설', 'Y-find', 'Elmira', 'Npath', 339, 26874, 'noimage.png', 'aliquet ultrices erat tortor sollicitudin mi sit amet lobortis sapien sapien non mi integer ac neque duis bibendum morbi non', '절판', '2021-06-18 00:00:00', '2021-09-23 00:00:00'),
	(619, '405613720-X', 'IT', 'Alphazap', 'Kerstin', 'Latz', 471, 16525, 'noimage.png', 'rutrum neque aenean auctor gravida sem praesent id massa id nisl venenatis lacinia', '판매중', '2021-02-03 00:00:00', '2021-09-23 00:00:00'),
	(620, '766143174-2', '여행', 'Cookley', 'Jonathon', 'Quinu', 409, 7896, 'noimage.png', 'massa volutpat convallis morbi odio odio elementum eu interdum eu', '절판', '2021-04-22 00:00:00', '2021-09-23 00:00:00'),
	(621, '988021049-2', 'IT', 'It', 'Alleyn', 'Gabtune', 762, 28709, 'noimage.png', 'pede malesuada in imperdiet et commodo vulputate justo in blandit ultrices enim lorem ipsum dolor sit amet consectetuer adipiscing elit', '품절', '2020-09-23 00:00:00', '2021-09-23 00:00:00'),
	(622, '440208066-5', '외국어', 'Zathin', 'Barby', 'Roombo', 347, 16246, 'noimage.png', 'leo odio condimentum id luctus nec molestie sed justo pellentesque viverra pede ac diam cras pellentesque volutpat dui maecenas', '품절', '2021-02-17 00:00:00', '2021-09-23 00:00:00'),
	(623, '623862295-4', '경제', 'Tin', 'Wanids', 'Teklist', 222, 10939, 'noimage.png', 'et magnis dis parturient montes nascetur ridiculus mus vivamus vestibulum sagittis sapien cum sociis natoque penatibus et', '품절', '2021-06-20 00:00:00', '2021-09-23 00:00:00'),
	(624, '951222868-8', '만화', 'Stim', 'Ansley', 'Babblestorm', 723, 14998, 'noimage.png', 'justo sit amet sapien dignissim vestibulum vestibulum ante ipsum primis in faucibus orci luctus et ultrices posuere cubilia curae nulla', '절판', '2021-06-29 00:00:00', '2021-09-23 00:00:00'),
	(625, '258076224-8', '외국어', 'Quo Lux', 'Jude', 'Twitterworks', 182, 11525, 'noimage.png', 'habitasse platea dictumst morbi vestibulum velit id pretium iaculis diam erat fermentum justo nec condimentum neque sapien placerat ante', '품절', '2021-09-16 00:00:00', '2021-09-23 00:00:00'),
	(626, '518834490-4', '경제', 'Kanlam', 'Madelena', 'Eimbee', 393, 9654, 'noimage.png', 'suspendisse accumsan tortor quis turpis sed ante vivamus tortor duis mattis egestas metus aenean fermentum donec ut mauris', '구편절판', '2021-05-12 00:00:00', '2021-09-23 00:00:00'),
	(627, '738527275-4', '소설', 'Bitchip', 'Demott', 'Mydo', 442, 11334, 'noimage.png', 'morbi quis tortor id nulla ultrices aliquet maecenas leo odio condimentum id luctus nec', '판매중', '2021-04-19 00:00:00', '2021-09-23 00:00:00'),
	(628, '100619401-0', '만화', 'Hatity', 'Caralie', 'Layo', 332, 29826, 'noimage.png', 'magna at nunc commodo placerat praesent blandit nam nulla integer', '판매중', '2021-08-13 00:00:00', '2021-09-23 00:00:00'),
	(629, '727403358-1', 'IT', 'Bamity', 'Fred', 'Skynoodle', 191, 24446, 'noimage.png', 'sit amet consectetuer adipiscing elit proin risus praesent lectus vestibulum quam sapien varius', '판매중', '2020-12-14 00:00:00', '2021-09-23 00:00:00'),
	(630, '241980627-1', '만화', 'Home Ing', 'Filbert', 'Yombu', 429, 29357, 'noimage.png', 'pede libero quis orci nullam molestie nibh in lectus pellentesque', '구편절판', '2021-01-26 00:00:00', '2021-09-23 00:00:00'),
	(631, '968267923-0', '만화', 'Veribet', 'Budd', 'Quatz', 952, 19561, 'noimage.png', 'accumsan tortor quis turpis sed ante vivamus tortor duis mattis egestas metus aenean fermentum donec ut mauris eget massa', '절판', '2021-05-27 00:00:00', '2021-09-23 00:00:00'),
	(632, '975102989-9', '만화', 'Transcof', 'Alisa', 'Livetube', 118, 14693, 'noimage.png', 'amet nulla quisque arcu libero rutrum ac lobortis vel dapibus at diam nam tristique tortor eu', '품절', '2021-07-16 00:00:00', '2021-09-23 00:00:00'),
	(633, '666622925-8', '외국어', 'Quo Lux', 'Holmes', 'Youopia', 413, 18062, 'noimage.png', 'justo sollicitudin ut suscipit a feugiat et eros vestibulum ac est lacinia nisi venenatis', '구편절판', '2021-04-30 00:00:00', '2021-09-23 00:00:00'),
	(634, '727560508-2', '만화', 'Treeflex', 'Hilton', 'Katz', 115, 16744, 'noimage.png', 'sit amet sapien dignissim vestibulum vestibulum ante ipsum primis in faucibus orci luctus et ultrices posuere', '판매중', '2021-07-23 00:00:00', '2021-09-23 00:00:00'),
	(635, '976719200-X', 'IT', 'Holdlamis', 'Liz', 'Skivee', 124, 25573, 'noimage.png', 'morbi non quam nec dui luctus rutrum nulla tellus in sagittis dui vel nisl duis ac', '절판', '2021-03-03 00:00:00', '2021-09-23 00:00:00'),
	(636, '800404583-9', '외국어', 'Temp', 'Paige', 'Roomm', 901, 17610, 'noimage.png', 'habitasse platea dictumst maecenas ut massa quis augue luctus tincidunt nulla mollis molestie', '품절', '2020-10-27 00:00:00', '2021-09-23 00:00:00'),
	(637, '199658369-7', '소설', 'Tin', 'Nolly', 'Janyx', 868, 18063, 'noimage.png', 'iaculis congue vivamus metus arcu adipiscing molestie hendrerit at vulputate', '품절', '2021-08-11 00:00:00', '2021-09-23 00:00:00'),
	(638, '013799532-6', '외국어', 'Sonair', 'Winfred', 'Jaxbean', 706, 7472, 'noimage.png', 'libero nullam sit amet turpis elementum ligula vehicula consequat morbi a ipsum integer a nibh in quis justo maecenas rhoncus', '품절', '2021-01-10 00:00:00', '2021-09-23 00:00:00'),
	(639, '823952105-3', '소설', 'Stronghold', 'Fania', 'Meezzy', 284, 25301, 'noimage.png', 'cras in purus eu magna vulputate luctus cum sociis natoque penatibus et magnis dis parturient', '절판', '2021-06-05 00:00:00', '2021-09-23 00:00:00'),
	(640, '504634268-5', 'IT', 'Trippledex', 'Tibold', 'Livetube', 881, 11963, 'noimage.png', 'diam cras pellentesque volutpat dui maecenas tristique est et tempus', '구편절판', '2021-01-31 00:00:00', '2021-09-23 00:00:00'),
	(641, '391758628-2', 'IT', 'Otcom', 'Durante', 'Thoughtblab', 180, 24033, 'noimage.png', 'ante ipsum primis in faucibus orci luctus et ultrices posuere', '구편절판', '2021-05-21 00:00:00', '2021-09-23 00:00:00'),
	(642, '649972652-4', '여행', 'Bamity', 'Violette', 'Yozio', 646, 14530, 'noimage.png', 'cras pellentesque volutpat dui maecenas tristique est et tempus semper est quam pharetra magna ac consequat metus', '판매중', '2021-04-02 00:00:00', '2021-09-23 00:00:00'),
	(643, '965775562-X', '소설', 'Rank', 'Merry', 'Gevee', 163, 21441, 'noimage.png', 'quisque ut erat curabitur gravida nisi at nibh in hac habitasse platea dictumst aliquam augue quam sollicitudin vitae consectetuer', '절판', '2021-06-24 00:00:00', '2021-09-23 00:00:00'),
	(644, '779231103-1', '여행', 'Prodder', 'Milly', 'Gevee', 425, 6908, 'noimage.png', 'pellentesque eget nunc donec quis orci eget orci vehicula condimentum curabitur in libero ut massa', '절판', '2020-10-03 00:00:00', '2021-09-23 00:00:00'),
	(645, '993081858-8', '소설', 'Stringtough', 'Theodor', 'Dynabox', 775, 14289, 'noimage.png', 'neque vestibulum eget vulputate ut ultrices vel augue vestibulum ante ipsum primis in faucibus orci luctus et ultrices', '절판', '2020-11-13 00:00:00', '2021-09-23 00:00:00'),
	(646, '854448670-3', 'IT', 'Stronghold', 'Maurene', 'Jaxbean', 615, 7563, 'noimage.png', 'pulvinar nulla pede ullamcorper augue a suscipit nulla elit ac nulla sed vel enim sit amet nunc viverra', '절판', '2021-07-07 00:00:00', '2021-09-23 00:00:00'),
	(647, '319600256-X', '소설', 'Tresom', 'Sanford', 'Flipopia', 687, 11423, 'noimage.png', 'in hac habitasse platea dictumst maecenas ut massa quis augue luctus', '구편절판', '2021-08-18 00:00:00', '2021-09-23 00:00:00'),
	(648, '842229994-1', '만화', 'Hatity', 'Sephira', 'Plajo', 259, 10663, 'noimage.png', 'lacus morbi sem mauris laoreet ut rhoncus aliquet pulvinar sed nisl nunc rhoncus dui vel sem', '구편절판', '2021-07-26 00:00:00', '2021-09-23 00:00:00'),
	(649, '719159420-9', '경제', 'Namfix', 'Aron', 'Photobug', 470, 7918, 'noimage.png', 'posuere felis sed lacus morbi sem mauris laoreet ut rhoncus aliquet pulvinar sed nisl', '구편절판', '2021-04-30 00:00:00', '2021-09-23 00:00:00'),
	(650, '416056665-0', '소설', 'Sonair', 'Margy', 'Miboo', 511, 17264, 'noimage.png', 'tortor id nulla ultrices aliquet maecenas leo odio condimentum id luctus nec molestie sed justo pellentesque viverra pede ac diam', '품절', '2020-11-20 00:00:00', '2021-09-23 00:00:00'),
	(651, '970519084-4', '경제', 'Transcof', 'Abner', 'Tazz', 296, 18643, 'noimage.png', 'libero nullam sit amet turpis elementum ligula vehicula consequat morbi a ipsum integer a nibh in quis', '판매중', '2021-08-04 00:00:00', '2021-09-23 00:00:00'),
	(652, '814851045-8', '여행', 'Transcof', 'Maybelle', 'Pixonyx', 719, 17006, 'noimage.png', 'lacus curabitur at ipsum ac tellus semper interdum mauris ullamcorper purus sit amet nulla quisque arcu libero rutrum ac', '구편절판', '2020-10-06 00:00:00', '2021-09-23 00:00:00'),
	(653, '592835911-X', '소설', 'Quo Lux', 'Vaughn', 'Wordtune', 301, 9985, 'noimage.png', 'nulla suspendisse potenti cras in purus eu magna vulputate luctus cum sociis natoque penatibus et magnis dis parturient montes nascetur', '판매중', '2021-07-06 00:00:00', '2021-09-23 00:00:00'),
	(654, '314653491-6', '외국어', 'Y-find', 'Bianca', 'Pixoboo', 509, 5743, 'noimage.png', 'convallis nunc proin at turpis a pede posuere nonummy integer non velit donec', '판매중', '2021-04-04 00:00:00', '2021-09-23 00:00:00'),
	(655, '233926528-2', '외국어', 'Sonsing', 'Torrey', 'Dazzlesphere', 584, 23273, 'noimage.png', 'lacus curabitur at ipsum ac tellus semper interdum mauris ullamcorper purus sit amet nulla quisque arcu libero rutrum ac lobortis', '판매중', '2021-06-24 00:00:00', '2021-09-23 00:00:00'),
	(656, '692837525-6', '외국어', 'Tin', 'Arron', 'Tagcat', 892, 22127, 'noimage.png', 'enim leo rhoncus sed vestibulum sit amet cursus id turpis integer aliquet massa id lobortis convallis tortor risus dapibus', '품절', '2021-01-27 00:00:00', '2021-09-23 00:00:00'),
	(657, '218670340-8', '경제', 'Sonsing', 'Tamarah', 'Tagcat', 846, 13350, 'noimage.png', 'eros vestibulum ac est lacinia nisi venenatis tristique fusce congue diam id ornare imperdiet sapien urna pretium nisl ut', '판매중', '2021-01-10 00:00:00', '2021-09-23 00:00:00'),
	(658, '160259689-1', '경제', 'Holdlamis', 'Cybil', 'Yodoo', 918, 11921, 'noimage.png', 'ac consequat metus sapien ut nunc vestibulum ante ipsum primis in faucibus orci luctus et ultrices', '구편절판', '2021-02-05 00:00:00', '2021-09-23 00:00:00'),
	(659, '393037964-3', '여행', 'Toughjoyfax', 'Josefa', 'Lazzy', 406, 15429, 'noimage.png', 'consequat in consequat ut nulla sed accumsan felis ut at dolor quis odio consequat', '구편절판', '2021-01-04 00:00:00', '2021-09-23 00:00:00'),
	(660, '594417017-4', 'IT', 'Lotlux', 'Farr', 'Talane', 140, 17869, 'noimage.png', 'est donec odio justo sollicitudin ut suscipit a feugiat et eros', '품절', '2020-11-24 00:00:00', '2021-09-23 00:00:00'),
	(661, '736861668-8', '여행', 'Aerified', 'Alfons', 'Wordpedia', 905, 17487, 'noimage.png', 'sapien sapien non mi integer ac neque duis bibendum morbi non quam', '구편절판', '2021-06-19 00:00:00', '2021-09-23 00:00:00'),
	(662, '383036970-0', '여행', 'Rank', 'Bentlee', 'Skippad', 336, 13296, 'noimage.png', 'in faucibus orci luctus et ultrices posuere cubilia curae donec pharetra magna vestibulum aliquet ultrices', '판매중', '2021-05-25 00:00:00', '2021-09-23 00:00:00'),
	(663, '254663905-6', 'IT', 'Biodex', 'Jameson', 'Abatz', 110, 20780, 'noimage.png', 'integer ac neque duis bibendum morbi non quam nec dui luctus rutrum nulla tellus in sagittis dui vel nisl duis', '판매중', '2021-07-20 00:00:00', '2021-09-23 00:00:00'),
	(664, '536417540-5', 'IT', 'Lotlux', 'Gauthier', 'Tagpad', 640, 10384, 'noimage.png', 'non mi integer ac neque duis bibendum morbi non quam nec dui luctus rutrum nulla tellus in sagittis', '판매중', '2021-07-17 00:00:00', '2021-09-23 00:00:00'),
	(665, '916910812-9', '여행', 'Transcof', 'Ferdinand', 'Meejo', 983, 16985, 'noimage.png', 'sagittis dui vel nisl duis ac nibh fusce lacus purus aliquet at feugiat', '품절', '2021-01-29 00:00:00', '2021-09-23 00:00:00'),
	(666, '755745785-4', '경제', 'Alpha', 'Melonie', 'Trilith', 969, 8338, 'noimage.png', 'et ultrices posuere cubilia curae nulla dapibus dolor vel est donec odio justo sollicitudin ut suscipit a feugiat et eros', '구편절판', '2020-11-25 00:00:00', '2021-09-23 00:00:00'),
	(667, '363457444-5', '소설', 'Stringtough', 'Holt', 'Yodel', 720, 6507, 'noimage.png', 'felis ut at dolor quis odio consequat varius integer ac leo pellentesque ultrices mattis odio donec vitae nisi', '구편절판', '2021-07-25 00:00:00', '2021-09-23 00:00:00'),
	(668, '405465770-2', '소설', 'Flowdesk', 'Currey', 'Dablist', 830, 14642, 'noimage.png', 'mi integer ac neque duis bibendum morbi non quam nec dui luctus rutrum nulla tellus in sagittis dui', '판매중', '2020-12-08 00:00:00', '2021-09-23 00:00:00'),
	(669, '269827840-4', '소설', 'Zaam-Dox', 'Davey', 'Zooveo', 270, 19840, 'noimage.png', 'semper interdum mauris ullamcorper purus sit amet nulla quisque arcu libero rutrum', '판매중', '2021-09-15 00:00:00', '2021-09-23 00:00:00'),
	(670, '739837328-7', '만화', 'Lotstring', 'Annora', 'Talane', 690, 5660, 'noimage.png', 'nulla tellus in sagittis dui vel nisl duis ac nibh fusce lacus purus aliquet at feugiat non pretium quis lectus', '판매중', '2020-11-15 00:00:00', '2021-09-23 00:00:00'),
	(671, '412328090-0', '만화', 'Home Ing', 'Henrieta', 'Skynoodle', 345, 24346, 'noimage.png', 'sed nisl nunc rhoncus dui vel sem sed sagittis nam congue risus semper porta volutpat quam pede lobortis ligula sit', '품절', '2021-05-24 00:00:00', '2021-09-23 00:00:00'),
	(672, '868359521-8', '소설', 'Holdlamis', 'Hillard', 'Plajo', 156, 24799, 'noimage.png', 'vel enim sit amet nunc viverra dapibus nulla suscipit ligula in lacus curabitur at ipsum ac tellus semper', '절판', '2021-03-18 00:00:00', '2021-09-23 00:00:00'),
	(673, '736613789-8', '소설', 'Aerified', 'Torrey', 'Feedspan', 282, 14704, 'noimage.png', 'tincidunt ante vel ipsum praesent blandit lacinia erat vestibulum sed magna at nunc commodo', '절판', '2021-05-05 00:00:00', '2021-09-23 00:00:00'),
	(674, '698768925-3', '여행', 'Alpha', 'Shermie', 'Browsebug', 314, 8167, 'noimage.png', 'at nunc commodo placerat praesent blandit nam nulla integer pede justo lacinia eget', '품절', '2021-05-01 00:00:00', '2021-09-23 00:00:00'),
	(675, '860158514-0', '소설', 'Fixflex', 'Caldwell', 'Devpulse', 995, 6124, 'noimage.png', 'mattis egestas metus aenean fermentum donec ut mauris eget massa tempor convallis nulla neque libero convallis', '품절', '2021-03-15 00:00:00', '2021-09-23 00:00:00'),
	(676, '996919725-8', '여행', 'Bitchip', 'Ilyssa', 'Realblab', 561, 13005, 'noimage.png', 'egestas metus aenean fermentum donec ut mauris eget massa tempor convallis nulla neque libero convallis eget eleifend luctus ultricies eu', '절판', '2020-11-13 00:00:00', '2021-09-23 00:00:00'),
	(677, '153739871-7', '외국어', 'Wrapsafe', 'Jessika', 'Gigazoom', 180, 5031, 'noimage.png', 'id nulla ultrices aliquet maecenas leo odio condimentum id luctus nec molestie sed justo pellentesque viverra pede', '판매중', '2021-04-18 00:00:00', '2021-09-23 00:00:00'),
	(678, '548882432-4', '경제', 'Regrant', 'Carney', 'Linkbuzz', 662, 18886, 'noimage.png', 'amet justo morbi ut odio cras mi pede malesuada in imperdiet et commodo vulputate', '판매중', '2021-07-20 00:00:00', '2021-09-23 00:00:00'),
	(679, '199979822-8', 'IT', 'Ronstring', 'Benedikta', 'Dabshots', 494, 6900, 'noimage.png', 'libero quis orci nullam molestie nibh in lectus pellentesque at nulla suspendisse potenti cras in purus', '판매중', '2020-09-25 00:00:00', '2021-09-23 00:00:00'),
	(680, '351962415-X', '경제', 'Tin', 'Aurea', 'Skippad', 515, 28603, 'noimage.png', 'curabitur convallis duis consequat dui nec nisi volutpat eleifend donec ut dolor morbi vel lectus', '절판', '2021-06-22 00:00:00', '2021-09-23 00:00:00'),
	(681, '697030268-7', '외국어', 'Latlux', 'Julio', 'Dynazzy', 801, 12311, 'noimage.png', 'sit amet lobortis sapien sapien non mi integer ac neque duis bibendum morbi', '품절', '2021-09-02 00:00:00', '2021-09-23 00:00:00'),
	(682, '282678508-7', '경제', 'Fix San', 'Leah', 'Talane', 362, 10528, 'noimage.png', 'sagittis nam congue risus semper porta volutpat quam pede lobortis ligula sit amet eleifend', '품절', '2021-04-22 00:00:00', '2021-09-23 00:00:00'),
	(683, '518945365-0', '경제', 'Biodex', 'Karlens', 'Jaxworks', 987, 22099, 'noimage.png', 'odio porttitor id consequat in consequat ut nulla sed accumsan felis ut at dolor quis odio consequat varius integer ac', '절판', '2021-06-01 00:00:00', '2021-09-23 00:00:00'),
	(684, '791381316-4', '여행', 'Greenlam', 'Lukas', 'Trupe', 947, 6940, 'noimage.png', 'mi integer ac neque duis bibendum morbi non quam nec dui luctus rutrum', '판매중', '2021-01-21 00:00:00', '2021-09-23 00:00:00'),
	(685, '756821156-8', 'IT', 'Duobam', 'Edythe', 'Einti', 832, 13526, 'noimage.png', 'tincidunt nulla mollis molestie lorem quisque ut erat curabitur gravida nisi at', '구편절판', '2021-05-15 00:00:00', '2021-09-23 00:00:00'),
	(686, '265055356-1', 'IT', 'Hatity', 'Lynde', 'Zoomdog', 193, 25346, 'noimage.png', 'curae donec pharetra magna vestibulum aliquet ultrices erat tortor sollicitudin mi sit amet lobortis sapien sapien non mi integer ac', '판매중', '2021-06-30 00:00:00', '2021-09-23 00:00:00'),
	(687, '414040498-1', '만화', 'Y-find', 'Lorrie', 'Youfeed', 703, 19120, 'noimage.png', 'vitae nisi nam ultrices libero non mattis pulvinar nulla pede ullamcorper augue a suscipit nulla elit ac nulla', '판매중', '2020-10-19 00:00:00', '2021-09-23 00:00:00'),
	(688, '301328660-1', '경제', 'Alpha', 'Sarena', 'Mybuzz', 678, 10454, 'noimage.png', 'sed magna at nunc commodo placerat praesent blandit nam nulla integer pede justo lacinia eget tincidunt eget', '판매중', '2021-08-27 00:00:00', '2021-09-23 00:00:00'),
	(689, '190270084-8', '소설', 'Fix San', 'Agathe', 'Wordpedia', 607, 24984, 'noimage.png', 'sapien non mi integer ac neque duis bibendum morbi non quam nec dui luctus rutrum nulla tellus in', '구편절판', '2021-07-09 00:00:00', '2021-09-23 00:00:00'),
	(690, '084812143-0', '경제', 'Viva', 'Nerissa', 'Camido', 933, 27053, 'noimage.png', 'platea dictumst maecenas ut massa quis augue luctus tincidunt nulla mollis molestie', '품절', '2021-09-03 00:00:00', '2021-09-23 00:00:00'),
	(691, '503293861-0', '여행', 'Y-find', 'Winfred', 'Fadeo', 426, 14911, 'noimage.png', 'proin at turpis a pede posuere nonummy integer non velit donec diam neque', '품절', '2020-09-23 00:00:00', '2021-09-23 00:00:00'),
	(692, '522570779-3', '경제', 'Lotlux', 'Carmela', 'Edgeclub', 137, 11788, 'noimage.png', 'eu magna vulputate luctus cum sociis natoque penatibus et magnis dis parturient montes nascetur', '판매중', '2021-08-02 00:00:00', '2021-09-23 00:00:00'),
	(693, '487512883-5', '만화', 'Sonair', 'Wren', 'Blogspan', 688, 5375, 'noimage.png', 'convallis nulla neque libero convallis eget eleifend luctus ultricies eu', '절판', '2021-03-05 00:00:00', '2021-09-23 00:00:00'),
	(694, '882075713-3', 'IT', 'Cardguard', 'Bret', 'Buzzdog', 526, 14592, 'noimage.png', 'in consequat ut nulla sed accumsan felis ut at dolor quis odio consequat varius integer ac', '판매중', '2020-11-05 00:00:00', '2021-09-23 00:00:00'),
	(695, '232565344-7', '여행', 'Toughjoyfax', 'Bobby', 'Edgetag', 230, 22532, 'noimage.png', 'ipsum aliquam non mauris morbi non lectus aliquam sit amet diam in magna', '판매중', '2021-04-04 00:00:00', '2021-09-23 00:00:00'),
	(696, '210196925-4', 'IT', 'Lotstring', 'Heinrik', 'Babbleopia', 518, 26587, 'noimage.png', 'ultrices posuere cubilia curae donec pharetra magna vestibulum aliquet ultrices erat tortor sollicitudin mi', '품절', '2021-05-09 00:00:00', '2021-09-23 00:00:00'),
	(697, '834564082-6', '외국어', 'Flexidy', 'Patrice', 'Topiczoom', 841, 15157, 'noimage.png', 'ac leo pellentesque ultrices mattis odio donec vitae nisi nam ultrices libero non mattis', '품절', '2021-07-12 00:00:00', '2021-09-23 00:00:00'),
	(698, '588786780-9', '소설', 'Daltfresh', 'Erskine', 'Topdrive', 426, 28872, 'noimage.png', 'orci luctus et ultrices posuere cubilia curae mauris viverra diam vitae quam suspendisse potenti', '판매중', '2021-03-10 00:00:00', '2021-09-23 00:00:00'),
	(699, '402530330-2', '외국어', 'Otcom', 'Tremaine', 'Zooveo', 308, 21279, 'noimage.png', 'praesent blandit nam nulla integer pede justo lacinia eget tincidunt eget tempus vel', '판매중', '2021-09-03 00:00:00', '2021-09-23 00:00:00'),
	(700, '432742431-5', '외국어', 'Ronstring', 'Becka', 'Browsedrive', 689, 5955, 'noimage.png', 'non pretium quis lectus suspendisse potenti in eleifend quam a odio', '구편절판', '2020-09-29 00:00:00', '2021-09-23 00:00:00'),
	(701, '218376604-2', 'IT', 'Lotstring', 'Nicolina', 'Blogspan', 960, 26876, 'noimage.png', 'sit amet justo morbi ut odio cras mi pede malesuada in imperdiet', '품절', '2021-07-01 00:00:00', '2021-09-23 00:00:00'),
	(702, '729863746-0', '소설', 'Sonsing', 'Demetra', 'Trunyx', 140, 23512, 'noimage.png', 'volutpat quam pede lobortis ligula sit amet eleifend pede libero quis orci nullam molestie nibh in lectus', '판매중', '2021-01-05 00:00:00', '2021-09-23 00:00:00'),
	(703, '506118980-9', '만화', 'Zoolab', 'Terrye', 'Izio', 532, 14768, 'noimage.png', 'sapien quis libero nullam sit amet turpis elementum ligula vehicula', '절판', '2021-05-27 00:00:00', '2021-09-23 00:00:00'),
	(704, '561808922-X', '소설', 'Stringtough', 'Guy', 'Skimia', 315, 27717, 'noimage.png', 'massa donec dapibus duis at velit eu est congue elementum in hac habitasse platea', '절판', '2021-07-28 00:00:00', '2021-09-23 00:00:00'),
	(705, '013098841-3', '여행', 'Lotlux', 'Dari', 'Plajo', 749, 7179, 'noimage.png', 'maecenas tristique est et tempus semper est quam pharetra magna ac consequat metus sapien ut nunc vestibulum ante ipsum', '구편절판', '2021-01-12 00:00:00', '2021-09-23 00:00:00'),
	(706, '550429458-4', '외국어', 'It', 'Tammie', 'Latz', 840, 5734, 'noimage.png', 'sem sed sagittis nam congue risus semper porta volutpat quam pede lobortis ligula', '판매중', '2020-12-02 00:00:00', '2021-09-23 00:00:00'),
	(707, '220274593-9', '외국어', 'Bigtax', 'Annis', 'Demizz', 435, 20824, 'noimage.png', 'in est risus auctor sed tristique in tempus sit amet sem fusce consequat', '품절', '2020-12-06 00:00:00', '2021-09-23 00:00:00'),
	(708, '126694236-X', '외국어', 'Tin', 'Rory', 'Linkbridge', 246, 26450, 'noimage.png', 'in hac habitasse platea dictumst morbi vestibulum velit id pretium iaculis diam erat fermentum justo nec', '구편절판', '2021-01-10 00:00:00', '2021-09-23 00:00:00'),
	(709, '435183178-2', '소설', 'Treeflex', 'Estel', 'Jaloo', 114, 6465, 'noimage.png', 'augue quam sollicitudin vitae consectetuer eget rutrum at lorem integer tincidunt ante vel ipsum praesent blandit lacinia erat', '품절', '2021-04-28 00:00:00', '2021-09-23 00:00:00'),
	(710, '711497732-8', 'IT', 'Wrapsafe', 'Aland', 'Zoombox', 144, 20034, 'noimage.png', 'eu orci mauris lacinia sapien quis libero nullam sit amet turpis elementum ligula vehicula consequat morbi', '판매중', '2020-11-09 00:00:00', '2021-09-23 00:00:00'),
	(711, '065485691-5', '여행', 'Flowdesk', 'Adaline', 'Dabshots', 720, 28242, 'noimage.png', 'leo odio condimentum id luctus nec molestie sed justo pellentesque viverra pede ac', '구편절판', '2021-09-19 00:00:00', '2021-09-23 00:00:00'),
	(712, '796306211-1', '만화', 'Zathin', 'Wain', 'Skinder', 927, 25217, 'noimage.png', 'in tempus sit amet sem fusce consequat nulla nisl nunc nisl duis bibendum felis', '품절', '2020-12-14 00:00:00', '2021-09-23 00:00:00'),
	(713, '818165710-1', '만화', 'Otcom', 'Blanche', 'Podcat', 645, 25386, 'noimage.png', 'pellentesque ultrices phasellus id sapien in sapien iaculis congue vivamus metus', '판매중', '2020-11-07 00:00:00', '2021-09-23 00:00:00'),
	(714, '903258975-X', '만화', 'Ventosanzap', 'Sharai', 'Thoughtbeat', 313, 28432, 'noimage.png', 'cum sociis natoque penatibus et magnis dis parturient montes nascetur', '품절', '2020-12-08 00:00:00', '2021-09-23 00:00:00'),
	(715, '398009998-9', 'IT', 'Regrant', 'Dido', 'Centizu', 399, 5405, 'noimage.png', 'faucibus orci luctus et ultrices posuere cubilia curae duis faucibus accumsan odio curabitur convallis duis consequat dui', '품절', '2020-11-30 00:00:00', '2021-09-23 00:00:00'),
	(716, '158639131-3', '소설', 'Konklux', 'Kirbie', 'Livetube', 677, 27865, 'noimage.png', 'pellentesque eget nunc donec quis orci eget orci vehicula condimentum curabitur in libero ut massa volutpat convallis morbi odio', '절판', '2021-05-18 00:00:00', '2021-09-23 00:00:00'),
	(717, '475848310-8', '소설', 'Alphazap', 'Ruggiero', 'Skinix', 767, 23861, 'noimage.png', 'praesent lectus vestibulum quam sapien varius ut blandit non interdum in ante vestibulum ante ipsum primis', '품절', '2021-07-17 00:00:00', '2021-09-23 00:00:00'),
	(718, '243508992-9', '여행', 'Flowdesk', 'Rick', 'Innojam', 548, 13212, 'noimage.png', 'felis fusce posuere felis sed lacus morbi sem mauris laoreet ut rhoncus aliquet pulvinar sed nisl nunc rhoncus', '판매중', '2021-01-09 00:00:00', '2021-09-23 00:00:00'),
	(719, '298164835-7', '경제', 'Voyatouch', 'Leopold', 'Jayo', 242, 16557, 'noimage.png', 'proin risus praesent lectus vestibulum quam sapien varius ut blandit', '품절', '2020-10-16 00:00:00', '2021-09-23 00:00:00'),
	(720, '268806401-0', '만화', 'Mat Lam Tam', 'Baxie', 'Skyvu', 970, 15593, 'noimage.png', 'luctus ultricies eu nibh quisque id justo sit amet sapien dignissim', '구편절판', '2020-12-11 00:00:00', '2021-09-23 00:00:00'),
	(721, '638921504-5', '여행', 'Stringtough', 'Derby', 'Voonix', 489, 17858, 'noimage.png', 'vel augue vestibulum ante ipsum primis in faucibus orci luctus et ultrices posuere', '판매중', '2020-11-09 00:00:00', '2021-09-23 00:00:00'),
	(722, '253031575-2', '소설', 'Alpha', 'Nevin', 'Fivebridge', 143, 9367, 'noimage.png', 'dui vel sem sed sagittis nam congue risus semper porta volutpat quam', '절판', '2021-03-19 00:00:00', '2021-09-23 00:00:00'),
	(723, '898078603-4', '만화', 'Andalax', 'Chick', 'Rooxo', 900, 15062, 'noimage.png', 'nec nisi vulputate nonummy maecenas tincidunt lacus at velit vivamus vel', '품절', '2021-05-07 00:00:00', '2021-09-23 00:00:00'),
	(724, '058183347-3', '외국어', 'Aerified', 'Ellyn', 'Dazzlesphere', 333, 6252, 'noimage.png', 'nunc donec quis orci eget orci vehicula condimentum curabitur in libero ut massa', '판매중', '2021-04-09 00:00:00', '2021-09-23 00:00:00'),
	(725, '368200443-2', '만화', 'Job', 'Nissie', 'Vitz', 388, 28453, 'noimage.png', 'turpis a pede posuere nonummy integer non velit donec diam neque vestibulum eget vulputate ut ultrices vel augue vestibulum ante', '절판', '2021-08-04 00:00:00', '2021-09-23 00:00:00'),
	(726, '535515996-6', '여행', 'Flowdesk', 'Fanchette', 'Skidoo', 166, 20204, 'noimage.png', 'adipiscing elit proin risus praesent lectus vestibulum quam sapien varius', '절판', '2021-04-20 00:00:00', '2021-09-23 00:00:00'),
	(727, '550602543-2', '여행', 'Zamit', 'Marge', 'Realcube', 605, 10203, 'noimage.png', 'condimentum curabitur in libero ut massa volutpat convallis morbi odio odio elementum eu interdum eu tincidunt', '절판', '2021-03-22 00:00:00', '2021-09-23 00:00:00'),
	(728, '760109467-7', '여행', 'Voltsillam', 'Cheston', 'Flashpoint', 218, 6584, 'noimage.png', 'a nibh in quis justo maecenas rhoncus aliquam lacus morbi quis tortor id nulla ultrices aliquet maecenas', '품절', '2021-07-16 00:00:00', '2021-09-23 00:00:00'),
	(729, '685472582-8', 'IT', 'Fintone', 'Brandtr', 'Yoveo', 739, 20892, 'noimage.png', 'vitae consectetuer eget rutrum at lorem integer tincidunt ante vel ipsum praesent blandit lacinia erat vestibulum sed magna at nunc', '절판', '2021-01-24 00:00:00', '2021-09-23 00:00:00'),
	(730, '153604769-4', 'IT', 'Lotlux', 'Lucia', 'Zoozzy', 281, 16901, 'noimage.png', 'eu interdum eu tincidunt in leo maecenas pulvinar lobortis est phasellus sit amet erat nulla tempus vivamus in felis', '구편절판', '2020-11-07 00:00:00', '2021-09-23 00:00:00'),
	(731, '876555990-8', '여행', 'Alpha', 'Moria', 'Gigaclub', 709, 8996, 'noimage.png', 'purus sit amet nulla quisque arcu libero rutrum ac lobortis', '품절', '2021-02-11 00:00:00', '2021-09-23 00:00:00'),
	(732, '842468817-1', '경제', 'Alpha', 'Lanita', 'Divanoodle', 183, 13970, 'noimage.png', 'cursus id turpis integer aliquet massa id lobortis convallis tortor risus dapibus augue vel accumsan', '판매중', '2021-03-19 00:00:00', '2021-09-23 00:00:00'),
	(733, '577823143-1', '경제', 'Voltsillam', 'Gerrard', 'Meejo', 174, 11344, 'noimage.png', 'augue vel accumsan tellus nisi eu orci mauris lacinia sapien quis libero nullam sit amet turpis elementum', '구편절판', '2021-05-19 00:00:00', '2021-09-23 00:00:00'),
	(734, '727475527-7', 'IT', 'Home Ing', 'Arvy', 'Quinu', 808, 5209, 'noimage.png', 'orci luctus et ultrices posuere cubilia curae nulla dapibus dolor vel est donec odio justo sollicitudin ut', '절판', '2020-10-12 00:00:00', '2021-09-23 00:00:00'),
	(735, '819484433-9', '만화', 'Daltfresh', 'Ninetta', 'Thoughtbeat', 480, 14366, 'noimage.png', 'sapien quis libero nullam sit amet turpis elementum ligula vehicula consequat morbi a ipsum integer a nibh', '구편절판', '2021-09-09 00:00:00', '2021-09-23 00:00:00'),
	(736, '993609701-7', '경제', 'It', 'Sherill', 'Browsebug', 553, 29921, 'noimage.png', 'felis donec semper sapien a libero nam dui proin leo odio', '구편절판', '2020-10-15 00:00:00', '2021-09-23 00:00:00'),
	(737, '459119535-X', '외국어', 'Cookley', 'Rubetta', 'Brightbean', 330, 9926, 'noimage.png', 'nulla facilisi cras non velit nec nisi vulputate nonummy maecenas tincidunt lacus at velit vivamus vel nulla', '절판', '2020-10-15 00:00:00', '2021-09-23 00:00:00'),
	(738, '006792234-1', 'IT', 'Aerified', 'Nicko', 'Vinte', 655, 6970, 'noimage.png', 'justo pellentesque viverra pede ac diam cras pellentesque volutpat dui maecenas tristique est et tempus semper est', '판매중', '2021-01-09 00:00:00', '2021-09-23 00:00:00'),
	(739, '011397774-3', '여행', 'It', 'Wilden', 'Bubblemix', 870, 6472, 'noimage.png', 'lacus at velit vivamus vel nulla eget eros elementum pellentesque quisque porta volutpat', '절판', '2021-01-28 00:00:00', '2021-09-23 00:00:00'),
	(740, '027660828-3', '소설', 'Matsoft', 'Margie', 'Yozio', 522, 28966, 'noimage.png', 'feugiat non pretium quis lectus suspendisse potenti in eleifend quam a', '절판', '2021-07-15 00:00:00', '2021-09-23 00:00:00'),
	(741, '766826135-4', '소설', 'Stim', 'Syd', 'Thoughtsphere', 875, 15814, 'noimage.png', 'ultrices libero non mattis pulvinar nulla pede ullamcorper augue a suscipit nulla elit ac nulla sed vel enim sit', '품절', '2021-05-15 00:00:00', '2021-09-23 00:00:00'),
	(742, '947800889-7', '소설', 'Home Ing', 'Bevin', 'Devbug', 695, 16590, 'noimage.png', 'odio condimentum id luctus nec molestie sed justo pellentesque viverra pede ac diam cras pellentesque volutpat dui', '구편절판', '2021-04-28 00:00:00', '2021-09-23 00:00:00'),
	(743, '706272202-2', '여행', 'Ronstring', 'Burch', 'Yakijo', 382, 16430, 'noimage.png', 'ultrices posuere cubilia curae donec pharetra magna vestibulum aliquet ultrices erat tortor sollicitudin mi', '품절', '2020-10-20 00:00:00', '2021-09-23 00:00:00'),
	(744, '479593470-3', '여행', 'Stim', 'Kimberlee', 'Fadeo', 237, 19949, 'noimage.png', 'ipsum integer a nibh in quis justo maecenas rhoncus aliquam lacus morbi quis tortor id nulla ultrices aliquet maecenas leo', '구편절판', '2021-03-03 00:00:00', '2021-09-23 00:00:00'),
	(745, '123666915-0', '경제', 'Tresom', 'Eadmund', 'Voolia', 601, 11895, 'noimage.png', 'orci luctus et ultrices posuere cubilia curae donec pharetra magna vestibulum aliquet', '판매중', '2021-04-12 00:00:00', '2021-09-23 00:00:00'),
	(746, '757952942-4', '여행', 'Sub-Ex', 'Alla', 'Gabspot', 545, 18194, 'noimage.png', 'consequat dui nec nisi volutpat eleifend donec ut dolor morbi', '판매중', '2021-07-25 00:00:00', '2021-09-23 00:00:00'),
	(747, '868001568-7', '여행', 'Voyatouch', 'Bert', 'Skyba', 692, 27733, 'noimage.png', 'nulla tempus vivamus in felis eu sapien cursus vestibulum proin eu mi', '판매중', '2021-07-20 00:00:00', '2021-09-23 00:00:00'),
	(748, '051113679-X', '만화', 'Latlux', 'Berty', 'Gevee', 893, 19022, 'noimage.png', 'a nibh in quis justo maecenas rhoncus aliquam lacus morbi quis tortor id nulla ultrices aliquet maecenas leo odio', '절판', '2021-05-11 00:00:00', '2021-09-23 00:00:00'),
	(749, '949297808-3', 'IT', 'Duobam', 'Rockey', 'Thoughtbridge', 976, 22867, 'noimage.png', 'pellentesque ultrices mattis odio donec vitae nisi nam ultrices libero non mattis pulvinar nulla pede', '품절', '2020-12-19 00:00:00', '2021-09-23 00:00:00'),
	(750, '129985993-3', 'IT', 'Tres-Zap', 'Isac', 'Camido', 254, 5162, 'noimage.png', 'lorem id ligula suspendisse ornare consequat lectus in est risus auctor sed tristique in tempus sit amet', '품절', '2021-08-23 00:00:00', '2021-09-23 00:00:00'),
	(751, '294470455-9', '외국어', 'Sub-Ex', 'Harvey', 'Viva', 601, 5303, 'noimage.png', 'imperdiet nullam orci pede venenatis non sodales sed tincidunt eu felis fusce posuere felis', '판매중', '2020-10-07 00:00:00', '2021-09-23 00:00:00'),
	(752, '962105797-3', 'IT', 'Flexidy', 'Ailsun', 'Tazzy', 797, 12675, 'noimage.png', 'ridiculus mus vivamus vestibulum sagittis sapien cum sociis natoque penatibus et magnis', '판매중', '2020-10-02 00:00:00', '2021-09-23 00:00:00'),
	(753, '484825512-0', '만화', 'Holdlamis', 'Francine', 'Topicshots', 818, 13917, 'noimage.png', 'augue vestibulum ante ipsum primis in faucibus orci luctus et ultrices posuere cubilia curae donec', '품절', '2021-03-07 00:00:00', '2021-09-23 00:00:00'),
	(754, '017726780-1', '경제', 'Subin', 'Tamma', 'Centimia', 732, 21105, 'noimage.png', 'eget congue eget semper rutrum nulla nunc purus phasellus in felis', '판매중', '2021-07-30 00:00:00', '2021-09-23 00:00:00'),
	(755, '379982145-7', 'IT', 'Latlux', 'Donna', 'Flashspan', 497, 20603, 'noimage.png', 'felis ut at dolor quis odio consequat varius integer ac leo pellentesque ultrices mattis odio donec vitae nisi nam', '절판', '2021-05-03 00:00:00', '2021-09-23 00:00:00'),
	(756, '306746088-X', '만화', 'Regrant', 'Elisabetta', 'Twitternation', 702, 26770, 'noimage.png', 'vitae nisl aenean lectus pellentesque eget nunc donec quis orci eget orci vehicula', '판매중', '2020-12-04 00:00:00', '2021-09-23 00:00:00'),
	(757, '708180919-7', '소설', 'Andalax', 'Cristal', 'Bubbletube', 119, 21055, 'noimage.png', 'quam pede lobortis ligula sit amet eleifend pede libero quis orci nullam molestie nibh in lectus', '판매중', '2020-11-22 00:00:00', '2021-09-23 00:00:00'),
	(758, '006383283-6', '경제', 'Lotstring', 'Emili', 'Mita', 270, 27882, 'noimage.png', 'sollicitudin mi sit amet lobortis sapien sapien non mi integer ac neque duis bibendum morbi', '절판', '2021-05-16 00:00:00', '2021-09-23 00:00:00'),
	(759, '964320391-3', '만화', 'Job', 'Gael', 'Agivu', 624, 26472, 'noimage.png', 'ac tellus semper interdum mauris ullamcorper purus sit amet nulla quisque arcu libero rutrum ac lobortis', '절판', '2021-07-16 00:00:00', '2021-09-23 00:00:00'),
	(760, '293143320-9', '여행', 'Job', 'Marion', 'Skyvu', 457, 14743, 'noimage.png', 'lacinia erat vestibulum sed magna at nunc commodo placerat praesent blandit nam nulla integer pede justo', '품절', '2021-07-08 00:00:00', '2021-09-23 00:00:00'),
	(761, '102442893-1', '외국어', 'Pannier', 'Heather', 'Photojam', 688, 17582, 'noimage.png', 'curae nulla dapibus dolor vel est donec odio justo sollicitudin ut suscipit', '절판', '2021-03-02 00:00:00', '2021-09-23 00:00:00'),
	(762, '698707469-0', '외국어', 'Lotlux', 'Tersina', 'Yata', 378, 5992, 'noimage.png', 'et tempus semper est quam pharetra magna ac consequat metus sapien ut nunc', '구편절판', '2021-01-29 00:00:00', '2021-09-23 00:00:00'),
	(763, '647249520-3', '소설', 'Bytecard', 'Rosalind', 'Feednation', 165, 24535, 'noimage.png', 'parturient montes nascetur ridiculus mus vivamus vestibulum sagittis sapien cum sociis natoque penatibus et magnis', '구편절판', '2021-05-28 00:00:00', '2021-09-23 00:00:00'),
	(764, '910128633-1', '경제', 'Zaam-Dox', 'Ferdinand', 'Linkbuzz', 356, 11307, 'noimage.png', 'ac diam cras pellentesque volutpat dui maecenas tristique est et tempus semper est quam pharetra magna ac consequat metus sapien', '구편절판', '2021-08-10 00:00:00', '2021-09-23 00:00:00'),
	(765, '276349020-4', '외국어', 'Redhold', 'Kristien', 'Muxo', 352, 29470, 'noimage.png', 'nisl duis ac nibh fusce lacus purus aliquet at feugiat non pretium quis lectus', '구편절판', '2021-05-03 00:00:00', '2021-09-23 00:00:00'),
	(766, '785382848-9', '만화', 'Quo Lux', 'Robby', 'Browseblab', 512, 17318, 'noimage.png', 'suscipit ligula in lacus curabitur at ipsum ac tellus semper interdum', '구편절판', '2021-05-02 00:00:00', '2021-09-23 00:00:00'),
	(767, '876630764-3', '소설', 'Namfix', 'Jania', 'Dynabox', 355, 15797, 'noimage.png', 'curabitur gravida nisi at nibh in hac habitasse platea dictumst aliquam augue quam sollicitudin vitae', '절판', '2021-03-06 00:00:00', '2021-09-23 00:00:00'),
	(768, '800624634-3', '만화', 'Opela', 'Christan', 'Browsecat', 891, 5613, 'noimage.png', 'odio cras mi pede malesuada in imperdiet et commodo vulputate', '품절', '2021-03-20 00:00:00', '2021-09-23 00:00:00'),
	(769, '991332615-X', '만화', 'Hatity', 'Marika', 'Twimm', 832, 17350, 'noimage.png', 'felis ut at dolor quis odio consequat varius integer ac leo pellentesque ultrices mattis odio donec vitae nisi', '절판', '2021-05-27 00:00:00', '2021-09-23 00:00:00'),
	(770, '554140955-1', '여행', 'Bytecard', 'Cortie', 'Oba', 496, 11868, 'noimage.png', 'vivamus in felis eu sapien cursus vestibulum proin eu mi', '품절', '2021-06-21 00:00:00', '2021-09-23 00:00:00'),
	(771, '939322020-4', '소설', 'Vagram', 'Van', 'Jayo', 678, 20814, 'noimage.png', 'neque libero convallis eget eleifend luctus ultricies eu nibh quisque id', '구편절판', '2021-05-19 00:00:00', '2021-09-23 00:00:00'),
	(772, '008338769-2', '외국어', 'Stim', 'Stanton', 'Twitterbeat', 329, 20848, 'noimage.png', 'eu interdum eu tincidunt in leo maecenas pulvinar lobortis est phasellus sit amet erat nulla tempus', '구편절판', '2021-04-04 00:00:00', '2021-09-23 00:00:00'),
	(773, '759390103-3', '여행', 'Voyatouch', 'Neely', 'Tagcat', 744, 24965, 'noimage.png', 'vestibulum velit id pretium iaculis diam erat fermentum justo nec condimentum neque sapien placerat ante nulla justo aliquam quis turpis', '판매중', '2021-07-20 00:00:00', '2021-09-23 00:00:00'),
	(774, '081124067-3', '여행', 'Namfix', 'Fae', 'Chatterpoint', 340, 6560, 'noimage.png', 'amet consectetuer adipiscing elit proin interdum mauris non ligula pellentesque ultrices phasellus', '구편절판', '2021-02-01 00:00:00', '2021-09-23 00:00:00'),
	(775, '216662195-3', '경제', 'Greenlam', 'Alys', 'Fiveclub', 812, 27354, 'noimage.png', 'ipsum integer a nibh in quis justo maecenas rhoncus aliquam lacus morbi quis tortor id nulla ultrices aliquet maecenas leo', '구편절판', '2020-12-15 00:00:00', '2021-09-23 00:00:00'),
	(776, '146064300-3', '경제', 'Sub-Ex', 'Vyky', 'Thoughtmix', 971, 12865, 'noimage.png', 'mauris vulputate elementum nullam varius nulla facilisi cras non velit nec nisi vulputate nonummy maecenas tincidunt lacus', '품절', '2021-08-03 00:00:00', '2021-09-23 00:00:00'),
	(777, '334386767-5', '소설', 'Tampflex', 'Wendeline', 'Meeveo', 359, 29193, 'noimage.png', 'et ultrices posuere cubilia curae nulla dapibus dolor vel est donec odio', '판매중', '2020-10-10 00:00:00', '2021-09-23 00:00:00'),
	(778, '091264506-7', '소설', 'Y-find', 'Atalanta', 'Edgewire', 465, 7472, 'noimage.png', 'posuere nonummy integer non velit donec diam neque vestibulum eget vulputate ut ultrices vel augue', '품절', '2021-02-20 00:00:00', '2021-09-23 00:00:00'),
	(779, '038894210-X', '만화', 'Bamity', 'Angelica', 'Miboo', 689, 12359, 'noimage.png', 'id sapien in sapien iaculis congue vivamus metus arcu adipiscing molestie hendrerit at vulputate vitae nisl', '절판', '2021-03-22 00:00:00', '2021-09-23 00:00:00'),
	(780, '447788256-4', '소설', 'Cardguard', 'Nissy', 'Dabjam', 654, 21963, 'noimage.png', 'morbi porttitor lorem id ligula suspendisse ornare consequat lectus in est risus auctor', '품절', '2021-06-06 00:00:00', '2021-09-23 00:00:00'),
	(781, '378258175-X', '만화', 'Biodex', 'Spenser', 'Feedfire', 105, 8223, 'noimage.png', 'varius integer ac leo pellentesque ultrices mattis odio donec vitae nisi nam ultrices libero non mattis pulvinar nulla', '구편절판', '2021-07-28 00:00:00', '2021-09-23 00:00:00'),
	(782, '931704988-5', '만화', 'Bytecard', 'Granville', 'Kayveo', 828, 27592, 'noimage.png', 'sed lacus morbi sem mauris laoreet ut rhoncus aliquet pulvinar sed', '구편절판', '2021-03-02 00:00:00', '2021-09-23 00:00:00'),
	(783, '002336401-7', 'IT', 'Viva', 'Brew', 'Linktype', 213, 6459, 'noimage.png', 'massa quis augue luctus tincidunt nulla mollis molestie lorem quisque ut', '구편절판', '2021-04-16 00:00:00', '2021-09-23 00:00:00'),
	(784, '510993075-9', 'IT', 'Latlux', 'Granger', 'Livetube', 280, 20766, 'noimage.png', 'aliquam sit amet diam in magna bibendum imperdiet nullam orci pede', '구편절판', '2021-03-06 00:00:00', '2021-09-23 00:00:00'),
	(785, '905376039-3', 'IT', 'Cardify', 'Woody', 'Oodoo', 117, 20831, 'noimage.png', 'libero nullam sit amet turpis elementum ligula vehicula consequat morbi a', '판매중', '2021-02-11 00:00:00', '2021-09-23 00:00:00'),
	(786, '108080735-7', '여행', 'Flexidy', 'Bondy', 'Flashdog', 513, 12126, 'noimage.png', 'vulputate ut ultrices vel augue vestibulum ante ipsum primis in faucibus orci luctus et ultrices posuere cubilia curae donec', '구편절판', '2021-06-04 00:00:00', '2021-09-23 00:00:00'),
	(787, '649960185-3', '외국어', 'Voltsillam', 'Roley', 'Wordify', 521, 12880, 'noimage.png', 'quisque porta volutpat erat quisque erat eros viverra eget congue eget semper rutrum nulla', '구편절판', '2021-04-17 00:00:00', '2021-09-23 00:00:00'),
	(788, '447699933-6', '만화', 'Wrapsafe', 'Ave', 'Rooxo', 193, 26545, 'noimage.png', 'pede ac diam cras pellentesque volutpat dui maecenas tristique est et tempus semper est quam pharetra magna', '구편절판', '2021-05-13 00:00:00', '2021-09-23 00:00:00'),
	(789, '895748134-6', '외국어', 'Sonsing', 'Shawn', 'Demivee', 826, 27431, 'noimage.png', 'nec nisi volutpat eleifend donec ut dolor morbi vel lectus in quam fringilla rhoncus mauris enim leo rhoncus sed vestibulum', '절판', '2021-03-30 00:00:00', '2021-09-23 00:00:00'),
	(790, '452418669-7', '만화', 'Hatity', 'Danette', 'Gabtype', 990, 7316, 'noimage.png', 'turpis a pede posuere nonummy integer non velit donec diam neque', '판매중', '2021-06-18 00:00:00', '2021-09-23 00:00:00'),
	(791, '638512055-4', '여행', 'Prodder', 'Crosby', 'Tavu', 592, 26310, 'noimage.png', 'et ultrices posuere cubilia curae nulla dapibus dolor vel est donec odio justo sollicitudin', '절판', '2020-11-12 00:00:00', '2021-09-23 00:00:00'),
	(792, '677964841-8', '외국어', 'Otcom', 'Jackquelin', 'Vipe', 871, 6375, 'noimage.png', 'nunc vestibulum ante ipsum primis in faucibus orci luctus et ultrices posuere cubilia curae mauris viverra diam vitae', '품절', '2021-03-12 00:00:00', '2021-09-23 00:00:00'),
	(793, '346579367-6', '외국어', 'Zathin', 'Ginnie', 'Gabspot', 999, 18127, 'noimage.png', 'in ante vestibulum ante ipsum primis in faucibus orci luctus', '품절', '2020-12-17 00:00:00', '2021-09-23 00:00:00'),
	(794, '671376721-4', '만화', 'Home Ing', 'Graehme', 'Meedoo', 283, 17917, 'noimage.png', 'cursus urna ut tellus nulla ut erat id mauris vulputate elementum nullam varius nulla', '구편절판', '2020-11-04 00:00:00', '2021-09-23 00:00:00'),
	(795, '263396627-6', 'IT', 'Stringtough', 'Rutherford', 'Topicstorm', 268, 11539, 'noimage.png', 'est donec odio justo sollicitudin ut suscipit a feugiat et eros vestibulum', '판매중', '2021-03-20 00:00:00', '2021-09-23 00:00:00'),
	(796, '970213722-5', '소설', 'Transcof', 'Jeno', 'Livepath', 681, 20151, 'noimage.png', 'tortor sollicitudin mi sit amet lobortis sapien sapien non mi integer ac neque duis bibendum morbi', '판매중', '2021-04-20 00:00:00', '2021-09-23 00:00:00'),
	(797, '513010617-2', '소설', 'Flexidy', 'Tillie', 'Bubblemix', 333, 22068, 'noimage.png', 'venenatis lacinia aenean sit amet justo morbi ut odio cras mi', '판매중', '2020-09-27 00:00:00', '2021-09-23 00:00:00'),
	(798, '027233014-0', '소설', 'Holdlamis', 'Gabriella', 'Zava', 305, 7359, 'noimage.png', 'vestibulum ante ipsum primis in faucibus orci luctus et ultrices posuere cubilia curae donec', '구편절판', '2021-09-17 00:00:00', '2021-09-23 00:00:00'),
	(799, '891423726-5', '외국어', 'Namfix', 'Kerrie', 'Tagtune', 388, 29440, 'noimage.png', 'magna vulputate luctus cum sociis natoque penatibus et magnis dis parturient montes nascetur ridiculus mus', '절판', '2021-09-04 00:00:00', '2021-09-23 00:00:00'),
	(800, '039305659-7', '여행', 'Stim', 'Shalom', 'Vitz', 207, 10397, 'noimage.png', 'cum sociis natoque penatibus et magnis dis parturient montes nascetur ridiculus mus vivamus', '판매중', '2021-05-07 00:00:00', '2021-09-23 00:00:00'),
	(801, '517729833-7', '여행', 'Toughjoyfax', 'Reiko', 'Browsetype', 226, 6354, 'noimage.png', 'consequat dui nec nisi volutpat eleifend donec ut dolor morbi vel lectus in quam fringilla rhoncus', '절판', '2020-09-29 00:00:00', '2021-09-23 00:00:00'),
	(802, '852808561-9', 'IT', 'Bigtax', 'Tito', 'Brainverse', 440, 28540, 'noimage.png', 'proin leo odio porttitor id consequat in consequat ut nulla sed accumsan felis ut at', '구편절판', '2020-10-23 00:00:00', '2021-09-23 00:00:00'),
	(803, '551873622-3', 'IT', 'Sub-Ex', 'Galvan', 'Einti', 478, 27574, 'noimage.png', 'sapien placerat ante nulla justo aliquam quis turpis eget elit sodales scelerisque mauris', '구편절판', '2020-10-09 00:00:00', '2021-09-23 00:00:00'),
	(804, '197832507-X', 'IT', 'Hatity', 'Barbara', 'Yodoo', 664, 13692, 'noimage.png', 'lorem integer tincidunt ante vel ipsum praesent blandit lacinia erat vestibulum', '구편절판', '2020-09-25 00:00:00', '2021-09-23 00:00:00'),
	(805, '391374958-6', '경제', 'Namfix', 'Sal', 'Livetube', 563, 20109, 'noimage.png', 'turpis eget elit sodales scelerisque mauris sit amet eros suspendisse accumsan tortor quis turpis sed ante vivamus tortor duis', '절판', '2021-07-06 00:00:00', '2021-09-23 00:00:00'),
	(806, '947988520-4', '외국어', 'Fix San', 'Lucy', 'Npath', 929, 5502, 'noimage.png', 'ultrices posuere cubilia curae nulla dapibus dolor vel est donec odio justo sollicitudin ut suscipit a feugiat', '품절', '2020-11-09 00:00:00', '2021-09-23 00:00:00'),
	(807, '056268282-1', '여행', 'Y-find', 'Dorian', 'Zazio', 847, 23282, 'noimage.png', 'ultrices enim lorem ipsum dolor sit amet consectetuer adipiscing elit proin interdum mauris non ligula pellentesque ultrices phasellus id', '절판', '2021-01-03 00:00:00', '2021-09-23 00:00:00'),
	(808, '135421294-0', 'IT', 'Voltsillam', 'Raynard', 'Twitterlist', 563, 16310, 'noimage.png', 'est phasellus sit amet erat nulla tempus vivamus in felis eu sapien cursus', '판매중', '2021-05-20 00:00:00', '2021-09-23 00:00:00'),
	(809, '811290901-6', 'IT', 'Fix San', 'Morena', 'Blogtag', 563, 15260, 'noimage.png', 'justo lacinia eget tincidunt eget tempus vel pede morbi porttitor lorem id ligula suspendisse ornare consequat', '구편절판', '2021-08-12 00:00:00', '2021-09-23 00:00:00'),
	(810, '515939875-9', '만화', 'Tresom', 'Ximenes', 'Linkbridge', 517, 25223, 'noimage.png', 'ultrices phasellus id sapien in sapien iaculis congue vivamus metus arcu', '절판', '2021-04-17 00:00:00', '2021-09-23 00:00:00'),
	(811, '213636601-7', '만화', 'Redhold', 'Jed', 'Brainverse', 432, 13016, 'noimage.png', 'vulputate nonummy maecenas tincidunt lacus at velit vivamus vel nulla eget eros elementum pellentesque quisque porta volutpat', '절판', '2021-02-22 00:00:00', '2021-09-23 00:00:00'),
	(812, '921685868-0', '여행', 'Sub-Ex', 'Curtis', 'Gabvine', 369, 26814, 'noimage.png', 'sapien sapien non mi integer ac neque duis bibendum morbi non quam nec dui', '품절', '2021-07-31 00:00:00', '2021-09-23 00:00:00'),
	(813, '124092810-6', '외국어', 'Ventosanzap', 'Cinderella', 'Midel', 272, 22502, 'noimage.png', 'ornare imperdiet sapien urna pretium nisl ut volutpat sapien arcu sed augue', '판매중', '2021-07-20 00:00:00', '2021-09-23 00:00:00'),
	(814, '091365892-8', 'IT', 'Stronghold', 'Ellerey', 'Oyoba', 678, 5098, 'noimage.png', 'enim lorem ipsum dolor sit amet consectetuer adipiscing elit proin interdum mauris', '구편절판', '2020-11-23 00:00:00', '2021-09-23 00:00:00'),
	(815, '158709392-8', '경제', 'Bitwolf', 'Marie', 'Wikizz', 515, 29085, 'noimage.png', 'mi nulla ac enim in tempor turpis nec euismod scelerisque quam turpis adipiscing lorem', '품절', '2020-10-26 00:00:00', '2021-09-23 00:00:00'),
	(816, '719388541-3', '만화', 'Zathin', 'Dukie', 'Jaxspan', 773, 10245, 'noimage.png', 'eget elit sodales scelerisque mauris sit amet eros suspendisse accumsan tortor quis turpis sed ante vivamus tortor duis', '절판', '2021-07-10 00:00:00', '2021-09-23 00:00:00'),
	(817, '766226760-1', '외국어', 'Otcom', 'Faulkner', 'Mybuzz', 612, 5328, 'noimage.png', 'penatibus et magnis dis parturient montes nascetur ridiculus mus vivamus vestibulum sagittis sapien', '판매중', '2021-01-25 00:00:00', '2021-09-23 00:00:00'),
	(818, '918797541-6', '만화', 'Cardguard', 'Rosabel', 'Jatri', 724, 13718, 'noimage.png', 'suspendisse potenti in eleifend quam a odio in hac habitasse platea dictumst maecenas ut massa quis', '절판', '2020-11-21 00:00:00', '2021-09-23 00:00:00'),
	(819, '058218122-4', '만화', 'Otcom', 'Bearnard', 'Topicware', 230, 6581, 'noimage.png', 'maecenas ut massa quis augue luctus tincidunt nulla mollis molestie', '구편절판', '2021-05-22 00:00:00', '2021-09-23 00:00:00'),
	(820, '778585699-0', '만화', 'Keylex', 'Austin', 'Digitube', 435, 19780, 'noimage.png', 'non velit donec diam neque vestibulum eget vulputate ut ultrices vel augue vestibulum ante', '판매중', '2021-02-12 00:00:00', '2021-09-23 00:00:00'),
	(821, '582208361-7', 'IT', 'Viva', 'Cob', 'Aimbu', 295, 5709, 'noimage.png', 'sed sagittis nam congue risus semper porta volutpat quam pede lobortis ligula sit amet eleifend', '절판', '2021-03-09 00:00:00', '2021-09-23 00:00:00'),
	(822, '050369314-6', '소설', 'Vagram', 'Andrea', 'Fivebridge', 431, 17625, 'noimage.png', 'purus aliquet at feugiat non pretium quis lectus suspendisse potenti in eleifend', '판매중', '2021-03-02 00:00:00', '2021-09-23 00:00:00'),
	(823, '859520609-0', '외국어', 'Voyatouch', 'Corby', 'Zoomzone', 997, 20816, 'noimage.png', 'nisi nam ultrices libero non mattis pulvinar nulla pede ullamcorper augue a suscipit', '구편절판', '2021-05-21 00:00:00', '2021-09-23 00:00:00'),
	(824, '855150726-5', '외국어', 'Domainer', 'Adelaide', 'Browsebug', 379, 5414, 'noimage.png', 'tristique est et tempus semper est quam pharetra magna ac consequat metus sapien ut nunc vestibulum ante ipsum primis in', '구편절판', '2021-04-22 00:00:00', '2021-09-23 00:00:00'),
	(825, '178072564-7', '경제', 'Flowdesk', 'Selena', 'Yakitri', 956, 26807, 'noimage.png', 'in faucibus orci luctus et ultrices posuere cubilia curae donec pharetra magna vestibulum aliquet ultrices erat tortor sollicitudin mi sit', '구편절판', '2021-05-13 00:00:00', '2021-09-23 00:00:00'),
	(826, '342226591-0', 'IT', 'Konklux', 'Rosco', 'Omba', 243, 12330, 'noimage.png', 'ut massa quis augue luctus tincidunt nulla mollis molestie lorem quisque ut erat curabitur gravida', '절판', '2021-04-13 00:00:00', '2021-09-23 00:00:00'),
	(827, '273550825-0', '만화', 'Alpha', 'Conroy', 'Wordify', 941, 22867, 'noimage.png', 'sed ante vivamus tortor duis mattis egestas metus aenean fermentum donec ut mauris eget massa tempor convallis nulla neque libero', '구편절판', '2021-03-26 00:00:00', '2021-09-23 00:00:00'),
	(828, '120925725-4', '만화', 'Hatity', 'Aigneis', 'Quimba', 594, 12025, 'noimage.png', 'vestibulum eget vulputate ut ultrices vel augue vestibulum ante ipsum primis in faucibus orci luctus et ultrices posuere cubilia curae', '판매중', '2020-11-13 00:00:00', '2021-09-23 00:00:00'),
	(829, '865589649-7', '외국어', 'Gembucket', 'Ines', 'Brainlounge', 974, 22368, 'noimage.png', 'cras pellentesque volutpat dui maecenas tristique est et tempus semper est quam pharetra', '판매중', '2021-06-01 00:00:00', '2021-09-23 00:00:00'),
	(830, '104263702-4', '외국어', 'Fintone', 'Sharla', 'Viva', 209, 15073, 'noimage.png', 'commodo placerat praesent blandit nam nulla integer pede justo lacinia', '구편절판', '2021-03-15 00:00:00', '2021-09-23 00:00:00'),
	(831, '296031498-0', '경제', 'Lotstring', 'Margarete', 'Youfeed', 100, 7400, 'noimage.png', 'integer ac neque duis bibendum morbi non quam nec dui', '구편절판', '2021-01-03 00:00:00', '2021-09-23 00:00:00'),
	(832, '394833332-7', '소설', 'Andalax', 'Christoforo', 'Oyoyo', 486, 26151, 'noimage.png', 'in purus eu magna vulputate luctus cum sociis natoque penatibus et magnis dis', '절판', '2020-12-19 00:00:00', '2021-09-23 00:00:00'),
	(833, '468389911-6', '만화', 'Tin', 'Gonzalo', 'Cogibox', 999, 22571, 'noimage.png', 'aliquam convallis nunc proin at turpis a pede posuere nonummy integer non velit donec diam neque', '판매중', '2020-12-23 00:00:00', '2021-09-23 00:00:00'),
	(834, '019396641-7', 'IT', 'Span', 'Ara', 'Yacero', 643, 25053, 'noimage.png', 'risus praesent lectus vestibulum quam sapien varius ut blandit non', '품절', '2021-03-01 00:00:00', '2021-09-23 00:00:00'),
	(835, '620565008-8', '만화', 'Tampflex', 'Keith', 'Skimia', 618, 21715, 'noimage.png', 'leo rhoncus sed vestibulum sit amet cursus id turpis integer aliquet massa id lobortis convallis tortor', '절판', '2021-05-14 00:00:00', '2021-09-23 00:00:00'),
	(836, '010560985-4', '여행', 'Tempsoft', 'Milty', 'Reallinks', 409, 20349, 'noimage.png', 'massa id nisl venenatis lacinia aenean sit amet justo morbi ut odio cras mi pede malesuada in imperdiet et', '품절', '2021-02-15 00:00:00', '2021-09-23 00:00:00'),
	(837, '297565969-5', '외국어', 'Tin', 'Viviyan', 'Jaxworks', 144, 25178, 'noimage.png', 'aliquet ultrices erat tortor sollicitudin mi sit amet lobortis sapien sapien non mi integer ac', '구편절판', '2021-04-06 00:00:00', '2021-09-23 00:00:00'),
	(838, '415317632-X', '경제', 'Asoka', 'Golda', 'Lazz', 285, 26552, 'noimage.png', 'sed vel enim sit amet nunc viverra dapibus nulla suscipit ligula in lacus curabitur at ipsum ac', '품절', '2021-02-04 00:00:00', '2021-09-23 00:00:00'),
	(839, '254346959-1', '만화', 'Pannier', 'Corilla', 'Devshare', 644, 13142, 'noimage.png', 'posuere nonummy integer non velit donec diam neque vestibulum eget vulputate ut ultrices vel', '품절', '2021-07-02 00:00:00', '2021-09-23 00:00:00'),
	(840, '595748934-4', '경제', 'Sonsing', 'Nancy', 'Photobug', 545, 21028, 'noimage.png', 'aliquam quis turpis eget elit sodales scelerisque mauris sit amet eros suspendisse accumsan tortor', '품절', '2021-03-30 00:00:00', '2021-09-23 00:00:00'),
	(841, '599045282-9', '만화', 'Transcof', 'Kareem', 'Linkbuzz', 912, 16489, 'noimage.png', 'neque vestibulum eget vulputate ut ultrices vel augue vestibulum ante ipsum primis in faucibus orci luctus', '구편절판', '2021-07-21 00:00:00', '2021-09-23 00:00:00'),
	(842, '374541255-9', '외국어', 'Cookley', 'Briggs', 'Wordtune', 585, 27549, 'noimage.png', 'tristique est et tempus semper est quam pharetra magna ac consequat metus', '품절', '2021-07-07 00:00:00', '2021-09-23 00:00:00'),
	(843, '864399432-4', '만화', 'Viva', 'Kimmi', 'Tagfeed', 780, 11541, 'noimage.png', 'non velit donec diam neque vestibulum eget vulputate ut ultrices vel augue vestibulum ante ipsum primis in faucibus orci', '판매중', '2021-07-02 00:00:00', '2021-09-23 00:00:00'),
	(844, '857276476-3', '여행', 'Cookley', 'Briana', 'Skimia', 134, 7351, 'noimage.png', 'lorem ipsum dolor sit amet consectetuer adipiscing elit proin risus praesent lectus vestibulum quam sapien varius', '품절', '2021-03-11 00:00:00', '2021-09-23 00:00:00'),
	(845, '912915209-7', '소설', 'Bitwolf', 'Levey', 'Demizz', 708, 11176, 'noimage.png', 'cubilia curae mauris viverra diam vitae quam suspendisse potenti nullam porttitor lacus at turpis donec', '구편절판', '2020-10-26 00:00:00', '2021-09-23 00:00:00'),
	(846, '474894794-2', '외국어', 'Stronghold', 'Klemens', 'Gabspot', 361, 17058, 'noimage.png', 'diam erat fermentum justo nec condimentum neque sapien placerat ante nulla justo aliquam quis turpis', '판매중', '2021-01-18 00:00:00', '2021-09-23 00:00:00'),
	(847, '788827528-1', 'IT', 'Flowdesk', 'Hallie', 'LiveZ', 632, 8328, 'noimage.png', 'id nisl venenatis lacinia aenean sit amet justo morbi ut odio cras mi pede malesuada in imperdiet et', '구편절판', '2020-12-20 00:00:00', '2021-09-23 00:00:00'),
	(848, '254426406-3', '경제', 'Stronghold', 'Rock', 'Babbleset', 393, 26817, 'noimage.png', 'faucibus orci luctus et ultrices posuere cubilia curae mauris viverra diam vitae quam suspendisse potenti nullam porttitor lacus at turpis', '구편절판', '2021-09-21 00:00:00', '2021-09-23 00:00:00'),
	(849, '822690588-5', '외국어', 'Stim', 'Kaspar', 'Shuffletag', 550, 12254, 'noimage.png', 'accumsan tellus nisi eu orci mauris lacinia sapien quis libero', '절판', '2020-11-14 00:00:00', '2021-09-23 00:00:00'),
	(850, '919448225-X', '만화', 'Viva', 'Bridie', 'Ainyx', 707, 7902, 'noimage.png', 'eu interdum eu tincidunt in leo maecenas pulvinar lobortis est phasellus', '판매중', '2020-10-26 00:00:00', '2021-09-23 00:00:00'),
	(851, '314165323-2', '만화', 'Regrant', 'Leroi', 'Voonyx', 958, 10109, 'noimage.png', 'phasellus in felis donec semper sapien a libero nam dui proin leo', '품절', '2021-01-19 00:00:00', '2021-09-23 00:00:00'),
	(852, '698597043-5', '경제', 'Lotstring', 'Petronilla', 'Shuffletag', 536, 14496, 'noimage.png', 'ultrices vel augue vestibulum ante ipsum primis in faucibus orci luctus et ultrices posuere', '구편절판', '2021-01-10 00:00:00', '2021-09-23 00:00:00'),
	(853, '612247541-6', 'IT', 'Voltsillam', 'Vergil', 'Tagchat', 881, 25967, 'noimage.png', 'nulla justo aliquam quis turpis eget elit sodales scelerisque mauris sit amet eros suspendisse', '판매중', '2021-07-11 00:00:00', '2021-09-23 00:00:00'),
	(854, '026417680-4', '외국어', 'Mat Lam Tam', 'Mehetabel', 'Kayveo', 702, 9687, 'noimage.png', 'non velit nec nisi vulputate nonummy maecenas tincidunt lacus at velit vivamus vel nulla', '판매중', '2020-10-19 00:00:00', '2021-09-23 00:00:00'),
	(855, '255983812-5', '여행', 'Overhold', 'Leia', 'Lazzy', 335, 5947, 'noimage.png', 'nulla sed accumsan felis ut at dolor quis odio consequat varius integer ac leo pellentesque ultrices mattis odio donec vitae', '구편절판', '2021-09-15 00:00:00', '2021-09-23 00:00:00'),
	(856, '070842878-9', '소설', 'Voltsillam', 'Leonidas', 'Lazzy', 285, 5207, 'noimage.png', 'sagittis dui vel nisl duis ac nibh fusce lacus purus aliquet', '품절', '2021-02-09 00:00:00', '2021-09-23 00:00:00'),
	(857, '102845855-X', '경제', 'Home Ing', 'Kacey', 'Devbug', 332, 28630, 'noimage.png', 'non interdum in ante vestibulum ante ipsum primis in faucibus orci luctus et ultrices posuere cubilia curae duis', '판매중', '2021-07-31 00:00:00', '2021-09-23 00:00:00'),
	(858, '962289942-0', '여행', 'Trippledex', 'Rosie', 'Linkbuzz', 647, 28789, 'noimage.png', 'libero convallis eget eleifend luctus ultricies eu nibh quisque id justo sit amet sapien dignissim vestibulum vestibulum ante ipsum', '품절', '2021-07-14 00:00:00', '2021-09-23 00:00:00'),
	(859, '961646337-3', '소설', 'Voyatouch', 'Ker', 'Zoomdog', 909, 9724, 'noimage.png', 'integer tincidunt ante vel ipsum praesent blandit lacinia erat vestibulum', '판매중', '2021-07-10 00:00:00', '2021-09-23 00:00:00'),
	(860, '301818312-6', '소설', 'Vagram', 'Isabella', 'Babbleblab', 212, 25807, 'noimage.png', 'nullam varius nulla facilisi cras non velit nec nisi vulputate nonummy maecenas tincidunt lacus at velit vivamus vel nulla', '구편절판', '2020-12-12 00:00:00', '2021-09-23 00:00:00'),
	(861, '975572084-7', '여행', 'Duobam', 'Isabeau', 'Layo', 661, 5307, 'noimage.png', 'ut massa volutpat convallis morbi odio odio elementum eu interdum eu tincidunt in', '판매중', '2020-12-14 00:00:00', '2021-09-23 00:00:00'),
	(862, '242168536-2', 'IT', 'Matsoft', 'Averell', 'Wordtune', 220, 17806, 'noimage.png', 'ligula sit amet eleifend pede libero quis orci nullam molestie nibh', '절판', '2021-04-03 00:00:00', '2021-09-23 00:00:00'),
	(863, '538190135-6', 'IT', 'Konklux', 'Elias', 'Flashset', 812, 14617, 'noimage.png', 'duis at velit eu est congue elementum in hac habitasse platea', '구편절판', '2020-10-08 00:00:00', '2021-09-23 00:00:00'),
	(864, '323038412-1', '소설', 'Alpha', 'Florella', 'Wikizz', 157, 7056, 'noimage.png', 'commodo placerat praesent blandit nam nulla integer pede justo lacinia eget tincidunt eget tempus vel pede morbi', '품절', '2021-07-02 00:00:00', '2021-09-23 00:00:00'),
	(865, '533875027-9', 'IT', 'Daltfresh', 'Andrey', 'Kaymbo', 454, 7740, 'noimage.png', 'congue risus semper porta volutpat quam pede lobortis ligula sit amet eleifend pede libero quis orci nullam molestie nibh', '판매중', '2021-05-21 00:00:00', '2021-09-23 00:00:00'),
	(866, '897990305-7', '소설', 'Zaam-Dox', 'Arny', 'Fatz', 800, 15693, 'noimage.png', 'nunc vestibulum ante ipsum primis in faucibus orci luctus et ultrices posuere cubilia curae mauris viverra diam vitae', '품절', '2020-10-31 00:00:00', '2021-09-23 00:00:00'),
	(867, '870264914-4', '만화', 'Cardify', 'Kristyn', 'Ainyx', 672, 5030, 'noimage.png', 'vulputate vitae nisl aenean lectus pellentesque eget nunc donec quis', '품절', '2021-04-23 00:00:00', '2021-09-23 00:00:00'),
	(868, '248706363-7', '외국어', 'Ventosanzap', 'Vincents', 'Skyba', 661, 18808, 'noimage.png', 'ut dolor morbi vel lectus in quam fringilla rhoncus mauris enim leo', '판매중', '2021-09-10 00:00:00', '2021-09-23 00:00:00'),
	(869, '484793288-9', '만화', 'Bigtax', 'Norry', 'Skivee', 972, 26154, 'noimage.png', 'donec posuere metus vitae ipsum aliquam non mauris morbi non lectus aliquam sit amet', '구편절판', '2021-04-07 00:00:00', '2021-09-23 00:00:00'),
	(870, '711415129-2', 'IT', 'Zaam-Dox', 'See', 'Miboo', 242, 27666, 'noimage.png', 'nunc nisl duis bibendum felis sed interdum venenatis turpis enim blandit mi in porttitor pede justo eu', '구편절판', '2021-01-20 00:00:00', '2021-09-23 00:00:00'),
	(871, '445478887-1', '만화', 'Matsoft', 'Dugald', 'Teklist', 701, 5994, 'noimage.png', 'pellentesque at nulla suspendisse potenti cras in purus eu magna vulputate luctus cum sociis natoque penatibus', '품절', '2020-11-12 00:00:00', '2021-09-23 00:00:00'),
	(872, '429396735-4', '여행', 'Greenlam', 'Margareta', 'Rhynoodle', 346, 29140, 'noimage.png', 'elit sodales scelerisque mauris sit amet eros suspendisse accumsan tortor quis turpis sed ante vivamus tortor duis mattis', '구편절판', '2020-10-10 00:00:00', '2021-09-23 00:00:00'),
	(873, '664776826-2', '경제', 'Domainer', 'Ermina', 'Skimia', 378, 7314, 'noimage.png', 'pretium iaculis justo in hac habitasse platea dictumst etiam faucibus cursus urna ut tellus nulla ut', '품절', '2020-12-15 00:00:00', '2021-09-23 00:00:00'),
	(874, '995534745-7', '여행', 'Kanlam', 'Cherlyn', 'Roodel', 873, 21657, 'noimage.png', 'pretium iaculis diam erat fermentum justo nec condimentum neque sapien placerat ante nulla', '판매중', '2021-03-15 00:00:00', '2021-09-23 00:00:00'),
	(875, '375808960-3', '외국어', 'Zoolab', 'Westbrook', 'Yozio', 228, 19114, 'noimage.png', 'mollis molestie lorem quisque ut erat curabitur gravida nisi at nibh in hac habitasse platea dictumst aliquam augue quam', '판매중', '2021-03-30 00:00:00', '2021-09-23 00:00:00'),
	(876, '991130227-X', '소설', 'Hatity', 'Bryan', 'Jabbertype', 146, 8033, 'noimage.png', 'tristique in tempus sit amet sem fusce consequat nulla nisl nunc nisl duis bibendum felis sed', '품절', '2021-06-19 00:00:00', '2021-09-23 00:00:00'),
	(877, '969464778-9', '소설', 'Transcof', 'Early', 'Voonder', 166, 15923, 'noimage.png', 'augue a suscipit nulla elit ac nulla sed vel enim', '판매중', '2021-06-21 00:00:00', '2021-09-23 00:00:00'),
	(878, '175042566-1', '경제', 'Treeflex', 'Dian', 'Flipbug', 455, 11504, 'noimage.png', 'nulla integer pede justo lacinia eget tincidunt eget tempus vel pede morbi porttitor', '구편절판', '2020-11-18 00:00:00', '2021-09-23 00:00:00'),
	(879, '348845843-1', '여행', 'Tampflex', 'Kirsti', 'Ozu', 254, 25414, 'noimage.png', 'pede venenatis non sodales sed tincidunt eu felis fusce posuere felis sed lacus morbi sem mauris laoreet', '절판', '2021-06-26 00:00:00', '2021-09-23 00:00:00'),
	(880, '692207731-8', '만화', 'Tampflex', 'Doreen', 'Geba', 648, 27517, 'noimage.png', 'vivamus vestibulum sagittis sapien cum sociis natoque penatibus et magnis dis parturient montes nascetur ridiculus mus', '판매중', '2020-11-08 00:00:00', '2021-09-23 00:00:00'),
	(881, '154332476-2', '외국어', 'Y-Solowarm', 'Erastus', 'Tavu', 891, 29885, 'noimage.png', 'ante ipsum primis in faucibus orci luctus et ultrices posuere cubilia curae nulla dapibus dolor vel est donec', '품절', '2021-05-16 00:00:00', '2021-09-23 00:00:00'),
	(882, '002716932-4', '만화', 'Stronghold', 'Merrie', 'Rhynyx', 697, 12235, 'noimage.png', 'enim leo rhoncus sed vestibulum sit amet cursus id turpis integer aliquet massa id lobortis convallis tortor', '구편절판', '2020-11-07 00:00:00', '2021-09-23 00:00:00'),
	(883, '007483721-4', '여행', 'Zathin', 'Vergil', 'Voomm', 544, 5976, 'noimage.png', 'urna ut tellus nulla ut erat id mauris vulputate elementum nullam varius nulla', '품절', '2021-06-04 00:00:00', '2021-09-23 00:00:00'),
	(884, '004923601-6', '외국어', 'Tampflex', 'Jaime', 'Skinder', 553, 21001, 'noimage.png', 'integer ac leo pellentesque ultrices mattis odio donec vitae nisi nam ultrices libero non mattis', '구편절판', '2021-07-29 00:00:00', '2021-09-23 00:00:00'),
	(885, '721465862-3', '소설', 'Bigtax', 'Constantina', 'Devify', 802, 5070, 'noimage.png', 'in leo maecenas pulvinar lobortis est phasellus sit amet erat', '구편절판', '2021-01-29 00:00:00', '2021-09-23 00:00:00'),
	(886, '621360606-8', 'IT', 'Bigtax', 'Zane', 'Thoughtstorm', 971, 11519, 'noimage.png', 'dictumst morbi vestibulum velit id pretium iaculis diam erat fermentum justo nec', '품절', '2021-06-01 00:00:00', '2021-09-23 00:00:00'),
	(887, '975805349-3', '경제', 'Tampflex', 'Jemima', 'Yambee', 474, 12960, 'noimage.png', 'vivamus metus arcu adipiscing molestie hendrerit at vulputate vitae nisl aenean lectus pellentesque eget nunc donec quis orci eget', '절판', '2020-10-16 00:00:00', '2021-09-23 00:00:00'),
	(888, '740833969-8', '외국어', 'Cardguard', 'Janine', 'Eimbee', 913, 26258, 'noimage.png', 'elementum eu interdum eu tincidunt in leo maecenas pulvinar lobortis est phasellus sit amet erat', '품절', '2020-12-28 00:00:00', '2021-09-23 00:00:00'),
	(889, '320387965-4', '외국어', 'Overhold', 'Thekla', 'Voonder', 445, 20699, 'noimage.png', 'ut at dolor quis odio consequat varius integer ac leo pellentesque ultrices', '판매중', '2020-11-20 00:00:00', '2021-09-23 00:00:00'),
	(890, '979611197-7', '소설', 'Zontrax', 'Abel', 'Brightbean', 807, 14707, 'noimage.png', 'proin eu mi nulla ac enim in tempor turpis nec euismod scelerisque quam turpis adipiscing lorem vitae', '구편절판', '2021-06-24 00:00:00', '2021-09-23 00:00:00'),
	(891, '040084486-9', '경제', 'Tresom', 'Amalie', 'Skippad', 170, 10421, 'noimage.png', 'luctus cum sociis natoque penatibus et magnis dis parturient montes nascetur ridiculus mus vivamus vestibulum sagittis sapien cum sociis natoque', '판매중', '2020-10-17 00:00:00', '2021-09-23 00:00:00'),
	(892, '246542420-3', '만화', 'Namfix', 'Charyl', 'Zoovu', 687, 15690, 'noimage.png', 'eu magna vulputate luctus cum sociis natoque penatibus et magnis dis parturient', '판매중', '2021-03-16 00:00:00', '2021-09-23 00:00:00'),
	(893, '735690822-0', 'IT', 'Otcom', 'Sidney', 'Tagpad', 700, 15601, 'noimage.png', 'viverra diam vitae quam suspendisse potenti nullam porttitor lacus at turpis donec posuere metus vitae ipsum aliquam non mauris', '절판', '2021-06-09 00:00:00', '2021-09-23 00:00:00'),
	(894, '154017981-8', '소설', 'Veribet', 'Timothea', 'Yotz', 104, 24827, 'noimage.png', 'scelerisque mauris sit amet eros suspendisse accumsan tortor quis turpis sed ante', '품절', '2020-12-20 00:00:00', '2021-09-23 00:00:00'),
	(895, '310690665-0', '외국어', 'Fixflex', 'Bearnard', 'Jetwire', 588, 20126, 'noimage.png', 'tempor convallis nulla neque libero convallis eget eleifend luctus ultricies eu nibh quisque id justo sit amet sapien dignissim', '구편절판', '2020-11-17 00:00:00', '2021-09-23 00:00:00'),
	(896, '645394784-6', '경제', 'Bitwolf', 'Neddie', 'Skipfire', 164, 12066, 'noimage.png', 'aliquam lacus morbi quis tortor id nulla ultrices aliquet maecenas leo odio condimentum id luctus', '품절', '2020-11-14 00:00:00', '2021-09-23 00:00:00'),
	(897, '896854963-X', '여행', 'Regrant', 'Bren', 'Tazz', 581, 28094, 'noimage.png', 'ornare consequat lectus in est risus auctor sed tristique in tempus sit amet sem fusce consequat nulla nisl', '판매중', '2020-12-05 00:00:00', '2021-09-23 00:00:00'),
	(898, '530440385-1', '외국어', 'Opela', 'Nomi', 'Vinte', 517, 13188, 'noimage.png', 'eu orci mauris lacinia sapien quis libero nullam sit amet turpis elementum', '절판', '2021-01-02 00:00:00', '2021-09-23 00:00:00'),
	(899, '368301207-2', '외국어', 'Rank', 'Ash', 'Dynabox', 732, 11699, 'noimage.png', 'in faucibus orci luctus et ultrices posuere cubilia curae duis faucibus accumsan odio curabitur convallis duis consequat', '품절', '2020-10-18 00:00:00', '2021-09-23 00:00:00'),
	(900, '383405916-1', '소설', 'Wrapsafe', 'Kearney', 'Thoughtbeat', 328, 8394, 'noimage.png', 'eu magna vulputate luctus cum sociis natoque penatibus et magnis dis parturient montes nascetur ridiculus mus vivamus', '절판', '2021-09-03 00:00:00', '2021-09-23 00:00:00'),
	(901, '452986040-X', '외국어', 'Vagram', 'Kyle', 'Devshare', 987, 18312, 'noimage.png', 'id luctus nec molestie sed justo pellentesque viverra pede ac diam cras pellentesque', '절판', '2021-06-09 00:00:00', '2021-09-23 00:00:00'),
	(902, '610845030-4', '외국어', 'Overhold', 'Zebulon', 'Plajo', 511, 12146, 'noimage.png', 'vestibulum ante ipsum primis in faucibus orci luctus et ultrices posuere cubilia curae mauris viverra diam vitae quam suspendisse potenti', '판매중', '2020-12-14 00:00:00', '2021-09-23 00:00:00'),
	(903, '595284431-6', '만화', 'Andalax', 'Karyn', 'Edgetag', 337, 15488, 'noimage.png', 'sapien ut nunc vestibulum ante ipsum primis in faucibus orci luctus et ultrices', '구편절판', '2021-04-22 00:00:00', '2021-09-23 00:00:00'),
	(904, '741884479-4', '여행', 'Bitchip', 'Stefan', 'Youspan', 794, 29479, 'noimage.png', 'arcu adipiscing molestie hendrerit at vulputate vitae nisl aenean lectus pellentesque eget nunc donec quis orci eget orci', '판매중', '2020-10-26 00:00:00', '2021-09-23 00:00:00'),
	(905, '443735105-3', '만화', 'Opela', 'Bethany', 'Feednation', 288, 9813, 'noimage.png', 'amet sem fusce consequat nulla nisl nunc nisl duis bibendum felis sed interdum venenatis turpis enim blandit mi in', '절판', '2021-08-13 00:00:00', '2021-09-23 00:00:00'),
	(906, '890239518-9', 'IT', 'Pannier', 'Erie', 'Dynazzy', 576, 26068, 'noimage.png', 'phasellus sit amet erat nulla tempus vivamus in felis eu sapien cursus vestibulum proin eu mi nulla ac enim', '품절', '2021-08-06 00:00:00', '2021-09-23 00:00:00'),
	(907, '962098838-8', 'IT', 'Fix San', 'Dinah', 'Yotz', 359, 19864, 'noimage.png', 'tortor id nulla ultrices aliquet maecenas leo odio condimentum id luctus nec molestie sed', '품절', '2021-06-12 00:00:00', '2021-09-23 00:00:00'),
	(908, '620103736-5', '만화', 'Job', 'Devonna', 'Voomm', 781, 7176, 'noimage.png', 'in purus eu magna vulputate luctus cum sociis natoque penatibus et magnis dis', '판매중', '2021-03-13 00:00:00', '2021-09-23 00:00:00'),
	(909, '358221895-3', 'IT', 'Rank', 'Archibaldo', 'Feedfire', 424, 7221, 'noimage.png', 'in faucibus orci luctus et ultrices posuere cubilia curae nulla dapibus dolor vel est', '구편절판', '2020-11-28 00:00:00', '2021-09-23 00:00:00'),
	(910, '209294057-0', '경제', 'Subin', 'Denyse', 'Photobean', 731, 26528, 'noimage.png', 'nisl ut volutpat sapien arcu sed augue aliquam erat volutpat in congue etiam justo etiam', '절판', '2020-11-22 00:00:00', '2021-09-23 00:00:00'),
	(911, '680888138-3', '소설', 'Lotstring', 'Christie', 'Jaxspan', 123, 22912, 'noimage.png', 'phasellus sit amet erat nulla tempus vivamus in felis eu sapien', '품절', '2021-03-20 00:00:00', '2021-09-23 00:00:00'),
	(912, '149557145-9', '소설', 'Aerified', 'Fabio', 'Yamia', 372, 20422, 'noimage.png', 'pretium iaculis diam erat fermentum justo nec condimentum neque sapien placerat', '품절', '2021-04-04 00:00:00', '2021-09-23 00:00:00'),
	(913, '089197418-0', '외국어', 'Matsoft', 'Erny', 'Eadel', 546, 13283, 'noimage.png', 'ut blandit non interdum in ante vestibulum ante ipsum primis in faucibus orci luctus et ultrices posuere cubilia', '판매중', '2020-12-28 00:00:00', '2021-09-23 00:00:00'),
	(914, '762007245-4', '만화', 'Flexidy', 'Kalvin', 'Topdrive', 849, 23900, 'noimage.png', 'convallis eget eleifend luctus ultricies eu nibh quisque id justo sit amet sapien', '구편절판', '2021-05-19 00:00:00', '2021-09-23 00:00:00'),
	(915, '493927908-1', '경제', 'Fixflex', 'Matty', 'Edgetag', 369, 7137, 'noimage.png', 'amet eleifend pede libero quis orci nullam molestie nibh in lectus pellentesque at nulla', '품절', '2021-01-26 00:00:00', '2021-09-23 00:00:00'),
	(916, '035317101-8', 'IT', 'Asoka', 'Melly', 'Skibox', 682, 23723, 'noimage.png', 'quam suspendisse potenti nullam porttitor lacus at turpis donec posuere metus vitae ipsum aliquam non', '판매중', '2021-03-06 00:00:00', '2021-09-23 00:00:00'),
	(917, '048298640-9', '만화', 'Greenlam', 'Arlyne', 'BlogXS', 830, 29476, 'noimage.png', 'mauris vulputate elementum nullam varius nulla facilisi cras non velit nec nisi vulputate nonummy maecenas tincidunt lacus at velit vivamus', '판매중', '2020-12-04 00:00:00', '2021-09-23 00:00:00'),
	(918, '343732009-2', '외국어', 'Andalax', 'Vanna', 'Yozio', 438, 8360, 'noimage.png', 'consequat ut nulla sed accumsan felis ut at dolor quis odio consequat varius integer ac leo pellentesque ultrices', '품절', '2021-03-09 00:00:00', '2021-09-23 00:00:00'),
	(919, '169847223-4', '여행', 'Opela', 'Merle', 'Twitterwire', 680, 17106, 'noimage.png', 'et ultrices posuere cubilia curae nulla dapibus dolor vel est donec odio justo sollicitudin ut suscipit a feugiat et', '절판', '2020-10-21 00:00:00', '2021-09-23 00:00:00'),
	(920, '694679097-9', 'IT', 'Hatity', 'Gaspard', 'Eidel', 551, 14441, 'noimage.png', 'dapibus augue vel accumsan tellus nisi eu orci mauris lacinia sapien', '판매중', '2021-05-26 00:00:00', '2021-09-23 00:00:00'),
	(921, '739639956-4', 'IT', 'Sonsing', 'Kordula', 'Browsedrive', 365, 27998, 'noimage.png', 'nulla suspendisse potenti cras in purus eu magna vulputate luctus cum sociis natoque penatibus et magnis', '판매중', '2020-09-30 00:00:00', '2021-09-23 00:00:00'),
	(922, '330690660-3', '소설', 'Zaam-Dox', 'Rafaela', 'Voolia', 676, 24424, 'noimage.png', 'sit amet nulla quisque arcu libero rutrum ac lobortis vel dapibus at diam nam tristique tortor', '절판', '2021-02-09 00:00:00', '2021-09-23 00:00:00'),
	(923, '269251295-2', '경제', 'Namfix', 'Brunhilda', 'Yadel', 687, 29570, 'noimage.png', 'mauris non ligula pellentesque ultrices phasellus id sapien in sapien iaculis congue vivamus', '판매중', '2021-08-06 00:00:00', '2021-09-23 00:00:00'),
	(924, '954375627-9', '여행', 'Biodex', 'Tomkin', 'Zoozzy', 871, 20756, 'noimage.png', 'velit donec diam neque vestibulum eget vulputate ut ultrices vel augue vestibulum ante ipsum primis in', '절판', '2021-04-25 00:00:00', '2021-09-23 00:00:00'),
	(925, '043956435-2', '경제', 'Duobam', 'Merissa', 'Browsedrive', 806, 14252, 'noimage.png', 'ipsum dolor sit amet consectetuer adipiscing elit proin interdum mauris non ligula pellentesque ultrices', '판매중', '2021-02-04 00:00:00', '2021-09-23 00:00:00'),
	(926, '139465849-4', 'IT', 'Konklux', 'Even', 'Rhybox', 668, 8170, 'noimage.png', 'at dolor quis odio consequat varius integer ac leo pellentesque ultrices mattis odio donec vitae nisi nam ultrices libero', '구편절판', '2021-03-29 00:00:00', '2021-09-23 00:00:00'),
	(927, '344398412-6', '소설', 'Daltfresh', 'Delaney', 'Twitterlist', 829, 18506, 'noimage.png', 'eu orci mauris lacinia sapien quis libero nullam sit amet', '절판', '2021-02-05 00:00:00', '2021-09-23 00:00:00'),
	(928, '631954317-5', '소설', 'Cookley', 'Erasmus', 'Omba', 830, 24218, 'noimage.png', 'nec sem duis aliquam convallis nunc proin at turpis a pede posuere nonummy integer', '절판', '2021-02-23 00:00:00', '2021-09-23 00:00:00'),
	(929, '222825531-9', '소설', 'Bitchip', 'Kristien', 'Skiba', 677, 20684, 'noimage.png', 'in porttitor pede justo eu massa donec dapibus duis at velit eu est congue elementum in hac habitasse platea dictumst', '품절', '2021-01-04 00:00:00', '2021-09-23 00:00:00'),
	(930, '134856207-2', '만화', 'Cardguard', 'Geri', 'Kamba', 947, 17876, 'noimage.png', 'nibh quisque id justo sit amet sapien dignissim vestibulum vestibulum ante ipsum primis in', '품절', '2021-05-30 00:00:00', '2021-09-23 00:00:00'),
	(931, '049374401-0', '외국어', 'Mat Lam Tam', 'Irita', 'Ooba', 505, 23998, 'noimage.png', 'morbi quis tortor id nulla ultrices aliquet maecenas leo odio condimentum id luctus nec molestie sed justo pellentesque viverra', '판매중', '2020-09-27 00:00:00', '2021-09-23 00:00:00'),
	(932, '272706922-7', '경제', 'Fintone', 'Fin', 'Wordpedia', 519, 6853, 'noimage.png', 'massa quis augue luctus tincidunt nulla mollis molestie lorem quisque ut erat curabitur gravida nisi at nibh', '절판', '2020-12-26 00:00:00', '2021-09-23 00:00:00'),
	(933, '976289196-1', '소설', 'Zathin', 'Ingmar', 'Jaxbean', 448, 29485, 'noimage.png', 'vel sem sed sagittis nam congue risus semper porta volutpat', '절판', '2021-02-02 00:00:00', '2021-09-23 00:00:00'),
	(934, '562748538-8', '경제', 'Zamit', 'Terri', 'Zoozzy', 955, 14913, 'noimage.png', 'vitae ipsum aliquam non mauris morbi non lectus aliquam sit amet diam in magna bibendum imperdiet nullam', '품절', '2021-09-05 00:00:00', '2021-09-23 00:00:00'),
	(935, '886555463-0', '외국어', 'Sonair', 'Merilyn', 'Riffwire', 188, 20108, 'noimage.png', 'proin at turpis a pede posuere nonummy integer non velit donec diam neque vestibulum eget vulputate ut ultrices', '절판', '2021-01-22 00:00:00', '2021-09-23 00:00:00'),
	(936, '306926384-4', 'IT', 'Konklux', 'Jocelyne', 'Kwinu', 951, 11904, 'noimage.png', 'nunc rhoncus dui vel sem sed sagittis nam congue risus semper porta volutpat quam pede lobortis ligula sit', '구편절판', '2020-10-01 00:00:00', '2021-09-23 00:00:00'),
	(937, '275301837-5', '외국어', 'Zoolab', 'Brnaby', 'Kazio', 290, 7858, 'noimage.png', 'gravida sem praesent id massa id nisl venenatis lacinia aenean sit amet justo morbi ut odio cras', '판매중', '2021-03-18 00:00:00', '2021-09-23 00:00:00'),
	(938, '588621358-9', '소설', 'Pannier', 'Giff', 'Topdrive', 771, 11595, 'noimage.png', 'lacinia eget tincidunt eget tempus vel pede morbi porttitor lorem', '구편절판', '2021-08-04 00:00:00', '2021-09-23 00:00:00'),
	(939, '958268688-X', '만화', 'Zontrax', 'Teresita', 'Dablist', 603, 20507, 'noimage.png', 'sapien urna pretium nisl ut volutpat sapien arcu sed augue aliquam erat volutpat in congue etiam justo etiam pretium', '절판', '2021-06-27 00:00:00', '2021-09-23 00:00:00'),
	(940, '972520567-7', 'IT', 'Daltfresh', 'Kelsy', 'Jaxnation', 774, 29920, 'noimage.png', 'odio porttitor id consequat in consequat ut nulla sed accumsan felis ut at', '절판', '2021-01-05 00:00:00', '2021-09-23 00:00:00'),
	(941, '916023335-4', '경제', 'Cookley', 'Dom', 'Skibox', 684, 20808, 'noimage.png', 'vitae mattis nibh ligula nec sem duis aliquam convallis nunc proin at turpis a pede posuere', '절판', '2021-07-10 00:00:00', '2021-09-23 00:00:00'),
	(942, '636781279-2', '여행', 'Trippledex', 'Lorianne', 'Yotz', 722, 28540, 'noimage.png', 'turpis enim blandit mi in porttitor pede justo eu massa donec dapibus', '구편절판', '2021-01-30 00:00:00', '2021-09-23 00:00:00'),
	(943, '788337077-4', '여행', 'Zaam-Dox', 'Corny', 'Youspan', 956, 20926, 'noimage.png', 'convallis duis consequat dui nec nisi volutpat eleifend donec ut dolor morbi', '구편절판', '2021-05-02 00:00:00', '2021-09-23 00:00:00'),
	(944, '768671978-2', 'IT', 'Pannier', 'Florance', 'Gabtype', 821, 20663, 'noimage.png', 'pretium nisl ut volutpat sapien arcu sed augue aliquam erat volutpat in congue etiam justo etiam', '품절', '2020-10-02 00:00:00', '2021-09-23 00:00:00'),
	(945, '370326853-0', '경제', 'Flexidy', 'Madelin', 'Gevee', 454, 21751, 'noimage.png', 'parturient montes nascetur ridiculus mus etiam vel augue vestibulum rutrum rutrum neque aenean auctor gravida', '구편절판', '2021-04-16 00:00:00', '2021-09-23 00:00:00'),
	(946, '603140516-4', 'IT', 'Fintone', 'Hamlin', 'Ailane', 726, 19754, 'noimage.png', 'aenean sit amet justo morbi ut odio cras mi pede malesuada in imperdiet et commodo vulputate', '절판', '2021-05-01 00:00:00', '2021-09-23 00:00:00'),
	(947, '000981641-0', 'IT', 'Bamity', 'Marysa', 'Gabtype', 154, 11373, 'noimage.png', 'augue aliquam erat volutpat in congue etiam justo etiam pretium', '품절', '2021-06-27 00:00:00', '2021-09-23 00:00:00'),
	(948, '497407156-4', '만화', 'Opela', 'Jannelle', 'Youfeed', 213, 19875, 'noimage.png', 'porttitor id consequat in consequat ut nulla sed accumsan felis ut at dolor quis', '판매중', '2020-11-16 00:00:00', '2021-09-23 00:00:00'),
	(949, '542806489-7', 'IT', 'Viva', 'Anatol', 'Dynazzy', 114, 29031, 'noimage.png', 'congue vivamus metus arcu adipiscing molestie hendrerit at vulputate vitae nisl aenean lectus pellentesque eget', '구편절판', '2021-06-10 00:00:00', '2021-09-23 00:00:00'),
	(950, '198037670-0', '소설', 'Bigtax', 'Vinni', 'Jaloo', 801, 26412, 'noimage.png', 'elementum in hac habitasse platea dictumst morbi vestibulum velit id pretium iaculis diam erat fermentum justo nec condimentum neque sapien', '품절', '2021-06-15 00:00:00', '2021-09-23 00:00:00'),
	(951, '556919907-1', 'IT', 'Vagram', 'Nathan', 'Teklist', 954, 28233, 'noimage.png', 'cursus vestibulum proin eu mi nulla ac enim in tempor turpis nec euismod scelerisque quam turpis adipiscing', '구편절판', '2020-12-20 00:00:00', '2021-09-23 00:00:00'),
	(952, '153572066-2', '소설', 'Redhold', 'Wake', 'Jabbercube', 815, 25437, 'noimage.png', 'adipiscing elit proin interdum mauris non ligula pellentesque ultrices phasellus id sapien in sapien iaculis congue', '판매중', '2020-11-16 00:00:00', '2021-09-23 00:00:00'),
	(953, '826256676-9', '경제', 'Opela', 'Edie', 'Yakitri', 269, 15470, 'noimage.png', 'sapien urna pretium nisl ut volutpat sapien arcu sed augue', '절판', '2020-10-28 00:00:00', '2021-09-23 00:00:00'),
	(954, '630012603-X', '경제', 'Job', 'Lebbie', 'Browsebug', 155, 16450, 'noimage.png', 'venenatis turpis enim blandit mi in porttitor pede justo eu massa donec dapibus duis at velit', '품절', '2021-02-10 00:00:00', '2021-09-23 00:00:00'),
	(955, '649012626-5', '만화', 'Rank', 'Andromache', 'Innojam', 238, 15752, 'noimage.png', 'placerat ante nulla justo aliquam quis turpis eget elit sodales scelerisque mauris sit', '품절', '2021-03-30 00:00:00', '2021-09-23 00:00:00'),
	(956, '033616421-1', '소설', 'Fixflex', 'Konstanze', 'Topiclounge', 761, 11628, 'noimage.png', 'ligula sit amet eleifend pede libero quis orci nullam molestie nibh in lectus pellentesque at nulla suspendisse potenti', '판매중', '2021-09-16 00:00:00', '2021-09-23 00:00:00'),
	(957, '024944051-2', '만화', 'Span', 'Lynett', 'Skaboo', 489, 11905, 'noimage.png', 'cursus urna ut tellus nulla ut erat id mauris vulputate elementum nullam varius nulla facilisi cras non velit', '절판', '2021-05-04 00:00:00', '2021-09-23 00:00:00'),
	(958, '939380919-4', 'IT', 'Flowdesk', 'Janis', 'Leenti', 359, 10641, 'noimage.png', 'posuere metus vitae ipsum aliquam non mauris morbi non lectus aliquam sit amet diam', '판매중', '2021-08-10 00:00:00', '2021-09-23 00:00:00'),
	(959, '320024733-9', '경제', 'Cardify', 'Merwyn', 'Twitterbeat', 712, 22041, 'noimage.png', 'nullam varius nulla facilisi cras non velit nec nisi vulputate nonummy maecenas tincidunt', '절판', '2020-10-18 00:00:00', '2021-09-23 00:00:00'),
	(960, '456007113-6', '외국어', 'Bitchip', 'Krisha', 'Lazz', 496, 12971, 'noimage.png', 'ante ipsum primis in faucibus orci luctus et ultrices posuere cubilia curae mauris', '구편절판', '2020-09-30 00:00:00', '2021-09-23 00:00:00'),
	(961, '602922782-3', '소설', 'Domainer', 'Sylas', 'Divape', 537, 22750, 'noimage.png', 'tincidunt eget tempus vel pede morbi porttitor lorem id ligula suspendisse ornare consequat lectus in est', '절판', '2021-04-10 00:00:00', '2021-09-23 00:00:00'),
	(962, '121376547-1', '외국어', 'Veribet', 'Nolan', 'Kimia', 508, 6529, 'noimage.png', 'quis justo maecenas rhoncus aliquam lacus morbi quis tortor id nulla ultrices aliquet maecenas leo odio condimentum id luctus', '절판', '2021-06-26 00:00:00', '2021-09-23 00:00:00'),
	(963, '997496351-6', '만화', 'Temp', 'Siffre', 'Flashpoint', 186, 12401, 'noimage.png', 'viverra diam vitae quam suspendisse potenti nullam porttitor lacus at turpis donec posuere metus vitae ipsum aliquam non mauris', '절판', '2021-08-18 00:00:00', '2021-09-23 00:00:00'),
	(964, '552646547-0', '만화', 'Mat Lam Tam', 'Christopher', 'Fivespan', 571, 24403, 'noimage.png', 'ante nulla justo aliquam quis turpis eget elit sodales scelerisque mauris sit amet eros suspendisse accumsan tortor', '품절', '2021-09-06 00:00:00', '2021-09-23 00:00:00'),
	(965, '512641572-7', '만화', 'Latlux', 'Tarra', 'Meevee', 687, 14306, 'noimage.png', 'sapien in sapien iaculis congue vivamus metus arcu adipiscing molestie hendrerit at vulputate vitae nisl aenean lectus pellentesque eget', '품절', '2021-09-01 00:00:00', '2021-09-23 00:00:00'),
	(966, '888298419-2', '소설', 'Greenlam', 'Jesus', 'Twimm', 389, 11337, 'noimage.png', 'cursus urna ut tellus nulla ut erat id mauris vulputate elementum nullam varius nulla facilisi cras non', '구편절판', '2021-08-14 00:00:00', '2021-09-23 00:00:00'),
	(967, '887839860-8', 'IT', 'Redhold', 'Gabi', 'Pixoboo', 294, 24662, 'noimage.png', 'quam pede lobortis ligula sit amet eleifend pede libero quis orci nullam molestie nibh in lectus pellentesque at nulla suspendisse', '판매중', '2020-11-10 00:00:00', '2021-09-23 00:00:00'),
	(968, '863139339-8', 'IT', 'Fintone', 'Pall', 'Wikibox', 519, 8260, 'noimage.png', 'dolor morbi vel lectus in quam fringilla rhoncus mauris enim leo rhoncus sed vestibulum sit amet cursus id turpis integer', '절판', '2021-05-08 00:00:00', '2021-09-23 00:00:00'),
	(969, '012978127-4', '소설', 'Stringtough', 'Pryce', 'Skyndu', 884, 20000, 'noimage.png', 'accumsan felis ut at dolor quis odio consequat varius integer ac leo pellentesque ultrices mattis', '절판', '2020-11-08 00:00:00', '2021-09-23 00:00:00'),
	(970, '380958565-3', '경제', 'Quo Lux', 'Staford', 'Meejo', 464, 10348, 'noimage.png', 'mi pede malesuada in imperdiet et commodo vulputate justo in blandit ultrices enim', '품절', '2021-01-15 00:00:00', '2021-09-23 00:00:00'),
	(971, '808614526-3', '만화', 'Bitwolf', 'Meridel', 'Trunyx', 817, 16053, 'noimage.png', 'sit amet sapien dignissim vestibulum vestibulum ante ipsum primis in', '구편절판', '2020-10-02 00:00:00', '2021-09-23 00:00:00'),
	(972, '258763095-9', '경제', 'Ventosanzap', 'Rachelle', 'Skimia', 257, 12821, 'noimage.png', 'eu est congue elementum in hac habitasse platea dictumst morbi', '절판', '2021-08-16 00:00:00', '2021-09-23 00:00:00'),
	(973, '113145750-1', '만화', 'Daltfresh', 'Kym', 'Devpulse', 368, 26523, 'noimage.png', 'a suscipit nulla elit ac nulla sed vel enim sit amet nunc viverra dapibus nulla suscipit', '품절', '2021-06-15 00:00:00', '2021-09-23 00:00:00'),
	(974, '052855096-9', '외국어', 'Cardguard', 'Langston', 'Fivebridge', 846, 21471, 'noimage.png', 'tincidunt ante vel ipsum praesent blandit lacinia erat vestibulum sed', '절판', '2021-06-13 00:00:00', '2021-09-23 00:00:00'),
	(975, '513764981-3', 'IT', 'Voltsillam', 'Alvie', 'Flashdog', 563, 29085, 'noimage.png', 'elementum ligula vehicula consequat morbi a ipsum integer a nibh in', '판매중', '2021-02-15 00:00:00', '2021-09-23 00:00:00'),
	(976, '883605267-3', '소설', 'Transcof', 'Shannon', 'Trilia', 217, 12628, 'noimage.png', 'suspendisse accumsan tortor quis turpis sed ante vivamus tortor duis mattis egestas metus aenean fermentum donec ut mauris eget massa', '절판', '2020-12-05 00:00:00', '2021-09-23 00:00:00'),
	(977, '379566367-9', '만화', 'Trippledex', 'Janel', 'Leexo', 664, 14491, 'noimage.png', 'ante vivamus tortor duis mattis egestas metus aenean fermentum donec ut mauris eget massa tempor', '구편절판', '2020-10-31 00:00:00', '2021-09-23 00:00:00'),
	(978, '692528965-0', '소설', 'Temp', 'Codie', 'Jabbertype', 358, 17103, 'noimage.png', 'quis turpis eget elit sodales scelerisque mauris sit amet eros suspendisse accumsan tortor', '절판', '2020-09-25 00:00:00', '2021-09-23 00:00:00'),
	(979, '846345196-9', '소설', 'Flexidy', 'Rene', 'Abata', 430, 9084, 'noimage.png', 'non ligula pellentesque ultrices phasellus id sapien in sapien iaculis congue vivamus metus arcu', '품절', '2021-06-13 00:00:00', '2021-09-23 00:00:00'),
	(980, '783078616-X', '만화', 'Lotstring', 'Conrado', 'Aibox', 955, 10369, 'noimage.png', 'elit sodales scelerisque mauris sit amet eros suspendisse accumsan tortor quis turpis', '품절', '2021-08-14 00:00:00', '2021-09-23 00:00:00'),
	(981, '030298292-2', '소설', 'Fixflex', 'Devinne', 'Twitterwire', 682, 16787, 'noimage.png', 'mauris morbi non lectus aliquam sit amet diam in magna bibendum imperdiet nullam orci pede', '절판', '2021-01-10 00:00:00', '2021-09-23 00:00:00'),
	(982, '359222541-3', '외국어', 'Kanlam', 'Yoshiko', 'Rhynyx', 190, 7615, 'noimage.png', 'donec semper sapien a libero nam dui proin leo odio porttitor id consequat in consequat ut', '절판', '2020-11-15 00:00:00', '2021-09-23 00:00:00'),
	(983, '080952281-0', '만화', 'Subin', 'Vale', 'Eare', 178, 5615, 'noimage.png', 'vestibulum aliquet ultrices erat tortor sollicitudin mi sit amet lobortis sapien sapien non mi integer ac neque duis', '품절', '2021-04-13 00:00:00', '2021-09-23 00:00:00'),
	(984, '356041911-5', '외국어', 'Lotstring', 'Edythe', 'Jabbercube', 584, 17310, 'noimage.png', 'vulputate justo in blandit ultrices enim lorem ipsum dolor sit amet consectetuer adipiscing elit proin interdum mauris non', '구편절판', '2020-11-01 00:00:00', '2021-09-23 00:00:00'),
	(985, '537145514-0', 'IT', 'Rank', 'Frans', 'InnoZ', 892, 29023, 'noimage.png', 'phasellus in felis donec semper sapien a libero nam dui proin leo odio porttitor id', '절판', '2021-01-26 00:00:00', '2021-09-23 00:00:00'),
	(986, '010757509-4', '외국어', 'Sub-Ex', 'Nerti', 'Linkbuzz', 960, 19085, 'noimage.png', 'proin eu mi nulla ac enim in tempor turpis nec euismod scelerisque quam', '품절', '2021-07-01 00:00:00', '2021-09-23 00:00:00'),
	(987, '542666855-8', 'IT', 'Cardify', 'Leonelle', 'Zoozzy', 437, 14104, 'noimage.png', 'dignissim vestibulum vestibulum ante ipsum primis in faucibus orci luctus et', '판매중', '2020-11-26 00:00:00', '2021-09-23 00:00:00'),
	(988, '110547369-4', '소설', 'Prodder', 'Tabatha', 'Viva', 622, 15936, 'noimage.png', 'velit nec nisi vulputate nonummy maecenas tincidunt lacus at velit', '품절', '2021-01-29 00:00:00', '2021-09-23 00:00:00'),
	(989, '306399434-0', '외국어', 'Overhold', 'Stace', 'Wordify', 191, 14186, 'noimage.png', 'nulla mollis molestie lorem quisque ut erat curabitur gravida nisi at nibh in hac habitasse platea dictumst aliquam augue', '판매중', '2021-07-27 00:00:00', '2021-09-23 00:00:00'),
	(990, '062189716-7', '여행', 'Namfix', 'Pace', 'Trudoo', 279, 23301, 'noimage.png', 'justo sit amet sapien dignissim vestibulum vestibulum ante ipsum primis in faucibus orci luctus et ultrices posuere cubilia curae', '판매중', '2020-10-13 00:00:00', '2021-09-23 00:00:00'),
	(991, '047633110-2', '만화', 'Konklux', 'Felic', 'Skimia', 561, 17738, 'noimage.png', 'natoque penatibus et magnis dis parturient montes nascetur ridiculus mus etiam vel augue vestibulum rutrum rutrum neque aenean', '구편절판', '2021-03-29 00:00:00', '2021-09-23 00:00:00'),
	(992, '432302426-6', '여행', 'Stringtough', 'Guilbert', 'Tagchat', 425, 12282, 'noimage.png', 'aliquam lacus morbi quis tortor id nulla ultrices aliquet maecenas leo odio condimentum id luctus nec molestie sed justo pellentesque', '판매중', '2021-02-11 00:00:00', '2021-09-23 00:00:00'),
	(993, '440370610-X', '외국어', 'Greenlam', 'Kimball', 'Wikibox', 668, 29574, 'noimage.png', 'ornare imperdiet sapien urna pretium nisl ut volutpat sapien arcu sed augue', '품절', '2021-07-29 00:00:00', '2021-09-23 00:00:00'),
	(994, '154506549-7', '소설', 'Alphazap', 'Herby', 'Jamia', 997, 21230, 'noimage.png', 'tellus nisi eu orci mauris lacinia sapien quis libero nullam sit', '품절', '2020-11-21 00:00:00', '2021-09-23 00:00:00'),
	(995, '876893442-4', '외국어', 'Alphazap', 'Allissa', 'Wikizz', 587, 8195, 'noimage.png', 'pellentesque quisque porta volutpat erat quisque erat eros viverra eget congue eget semper rutrum', '판매중', '2021-09-14 00:00:00', '2021-09-23 00:00:00'),
	(996, '303585872-1', '만화', 'Cookley', 'Andrew', 'Ntags', 281, 16075, 'noimage.png', 'pellentesque eget nunc donec quis orci eget orci vehicula condimentum curabitur in libero ut massa volutpat convallis morbi odio odio', '절판', '2021-03-25 00:00:00', '2021-09-23 00:00:00'),
	(997, '544481551-6', '소설', 'Tres-Zap', 'Marwin', 'Buzzshare', 888, 5548, 'noimage.png', 'dui luctus rutrum nulla tellus in sagittis dui vel nisl duis ac nibh fusce lacus', '절판', '2020-12-30 00:00:00', '2021-09-23 00:00:00'),
	(998, '787556697-5', 'IT', 'Lotlux', 'Carlynne', 'Tavu', 786, 15627, 'noimage.png', 'nisi at nibh in hac habitasse platea dictumst aliquam augue quam sollicitudin', '구편절판', '2020-10-07 00:00:00', '2021-09-23 00:00:00'),
	(999, '285800185-5', '외국어', 'Bitchip', 'Yank', 'Shuffledrive', 249, 25992, 'noimage.png', 'bibendum felis sed interdum venenatis turpis enim blandit mi in porttitor pede justo', '품절', '2021-05-08 00:00:00', '2021-09-23 00:00:00'),
	(1000, '945595328-5', '소설', 'Cookley', 'Reese', 'Buzzdog', 763, 16826, 'noimage.png', 'elementum nullam varius nulla facilisi cras non velit nec nisi vulputate nonummy maecenas tincidunt lacus', '구편절판', '2021-02-04 00:00:00', '2021-09-23 00:00:00'),
	(1001, '123456789', 'IT', 'JIHYE CHOE', '최지혜', '지혜최', 322, 8500, 'x97889719684135.jpg', '이것은 지혜의 IT 관련 책입니다', '판매중', '2021-09-25 01:44:50', '2021-09-25 01:44:50'),
	(1002, '987654321', '경제', 'TAE', '태혁진', '태 아카데미', 823, 500000, 'x97889719684136.jpg', '태혁진의 경제 책', '판매중', '2021-09-25 01:48:29', '2021-09-25 01:48:29');
/*!40000 ALTER TABLE `ebook` ENABLE KEYS */;

-- 테이블 shop.member 구조 내보내기
DROP TABLE IF EXISTS `member`;
CREATE TABLE IF NOT EXISTS `member` (
  `member_no` int(11) NOT NULL AUTO_INCREMENT,
  `member_id` varchar(50) NOT NULL,
  `member_pw` varchar(200) NOT NULL,
  `member_level` int(11) NOT NULL,
  `member_name` varchar(200) NOT NULL,
  `member_age` int(11) NOT NULL,
  `member_gender` enum('남','여') NOT NULL,
  `update_date` datetime NOT NULL,
  `create_date` datetime NOT NULL,
  PRIMARY KEY (`member_no`) USING BTREE,
  UNIQUE KEY `member_id` (`member_id`)
) ENGINE=InnoDB AUTO_INCREMENT=105 DEFAULT CHARSET=utf8mb3;

-- 테이블 데이터 shop.member:~102 rows (대략적) 내보내기
DELETE FROM `member`;
/*!40000 ALTER TABLE `member` DISABLE KEYS */;
INSERT INTO `member` (`member_no`, `member_id`, `member_pw`, `member_level`, `member_name`, `member_age`, `member_gender`, `update_date`, `create_date`) VALUES
	(1, 'jihye', '*A814FF2D78C95AF52C677017E019C4E4DE14B34E', 2, '최지혜', 23, '여', '2021-09-14 17:15:52', '2021-09-14 17:15:52'),
	(2, 'thj9828', '*A4B6157319038724E3560894F7F932C8886EBFCF', 1, '태혁진', 23, '남', '2021-09-14 17:17:09', '2021-09-14 17:17:09'),
	(4, 'admin', '*A4B6157319038724E3560894F7F932C8886EBFCF', 1, '관리자', 23, '남', '2021-09-15 00:00:00', '2021-09-15 00:00:00'),
	(5, 'goodee', '*A4B6157319038724E3560894F7F932C8886EBFCF', 0, '구디', 14, '남', '2021-09-15 00:00:00', '2021-09-15 00:00:00'),
	(6, '728179122-4', '*A4B6157319038724E3560894F7F932C8886EBFCF', 0, 'Ole', 25, '남', '2021-09-15 00:00:00', '2021-09-15 00:00:00'),
	(7, '347175828-3', '*A4B6157319038724E3560894F7F932C8886EBFCF', 0, 'Tore', 72, '남', '2021-09-15 00:00:00', '2021-09-15 00:00:00'),
	(8, '414367112-3', '*A4B6157319038724E3560894F7F932C8886EBFCF', 0, 'Wat', 60, '남', '2021-09-15 00:00:00', '2021-09-15 00:00:00'),
	(9, '521555378-5', '*A4B6157319038724E3560894F7F932C8886EBFCF', 0, 'Sonny', 89, '남', '2021-09-15 00:00:00', '2021-09-15 00:00:00'),
	(10, '927728006-9', '*A4B6157319038724E3560894F7F932C8886EBFCF', 0, 'Fern', 78, '남', '2021-09-15 00:00:00', '2021-09-15 00:00:00'),
	(11, '839640957-9', '*A4B6157319038724E3560894F7F932C8886EBFCF', 0, 'Karlyn', 91, '남', '2021-09-15 00:00:00', '2021-09-15 00:00:00'),
	(12, '378819705-6', '*A4B6157319038724E3560894F7F932C8886EBFCF', 0, 'Brandy', 17, '여', '2021-09-15 00:00:00', '2021-09-15 00:00:00'),
	(13, '791966582-5', '*A4B6157319038724E3560894F7F932C8886EBFCF', 0, 'Mildred', 28, '여', '2021-09-15 00:00:00', '2021-09-15 00:00:00'),
	(14, '039417300-7', '*A4B6157319038724E3560894F7F932C8886EBFCF', 0, 'Armand', 68, '여', '2021-09-15 00:00:00', '2021-09-15 00:00:00'),
	(15, '727050427-X', '*A4B6157319038724E3560894F7F932C8886EBFCF', 0, 'Dyana', 23, '여', '2021-09-15 00:00:00', '2021-09-15 00:00:00'),
	(16, '715405648-7', '*A4B6157319038724E3560894F7F932C8886EBFCF', 0, 'Zilvia', 48, '남', '2021-09-15 00:00:00', '2021-09-15 00:00:00'),
	(17, '465622583-5', '*A4B6157319038724E3560894F7F932C8886EBFCF', 0, 'Carrol', 19, '여', '2021-09-15 00:00:00', '2021-09-15 00:00:00'),
	(18, '027922062-6', '*A4B6157319038724E3560894F7F932C8886EBFCF', 0, 'Hillard', 88, '남', '2021-09-15 00:00:00', '2021-09-15 00:00:00'),
	(19, '357920235-9', '*A4B6157319038724E3560894F7F932C8886EBFCF', 0, 'Meg', 38, '남', '2021-09-15 00:00:00', '2021-09-15 00:00:00'),
	(20, '549414005-9', '*A4B6157319038724E3560894F7F932C8886EBFCF', 0, 'Nariko', 56, '남', '2021-09-15 00:00:00', '2021-09-15 00:00:00'),
	(21, '769873198-7', '*A4B6157319038724E3560894F7F932C8886EBFCF', 0, 'Kylen', 51, '여', '2021-09-15 00:00:00', '2021-09-15 00:00:00'),
	(22, '136901113-X', '*A4B6157319038724E3560894F7F932C8886EBFCF', 0, 'Mellisa', 35, '여', '2021-09-15 00:00:00', '2021-09-15 00:00:00'),
	(23, '381325865-3', '*A4B6157319038724E3560894F7F932C8886EBFCF', 0, 'Syd', 30, '남', '2021-09-15 00:00:00', '2021-09-15 00:00:00'),
	(24, '677776750-9', '*A4B6157319038724E3560894F7F932C8886EBFCF', 0, 'Fleur', 84, '여', '2021-09-15 00:00:00', '2021-09-15 00:00:00'),
	(25, '794146613-9', '*A4B6157319038724E3560894F7F932C8886EBFCF', 0, 'Marysa', 25, '남', '2021-09-15 00:00:00', '2021-09-15 00:00:00'),
	(26, '554820111-5', '*A4B6157319038724E3560894F7F932C8886EBFCF', 0, 'Olivette', 53, '여', '2021-09-15 00:00:00', '2021-09-15 00:00:00'),
	(27, '198767042-6', '*A4B6157319038724E3560894F7F932C8886EBFCF', 0, 'Nora', 26, '여', '2021-09-15 00:00:00', '2021-09-15 00:00:00'),
	(28, '865049876-0', '*A4B6157319038724E3560894F7F932C8886EBFCF', 0, 'Grissel', 74, '남', '2021-09-15 00:00:00', '2021-09-15 00:00:00'),
	(29, '387017888-4', '*A4B6157319038724E3560894F7F932C8886EBFCF', 0, 'Jacob', 86, '남', '2021-09-15 00:00:00', '2021-09-15 00:00:00'),
	(30, '780555744-6', '*A4B6157319038724E3560894F7F932C8886EBFCF', 0, 'Maybelle', 52, '남', '2021-09-15 00:00:00', '2021-09-15 00:00:00'),
	(31, '770762075-5', '*A4B6157319038724E3560894F7F932C8886EBFCF', 0, 'Charline', 85, '여', '2021-09-15 00:00:00', '2021-09-15 00:00:00'),
	(32, '662782569-4', '*A4B6157319038724E3560894F7F932C8886EBFCF', 0, 'Bethena', 51, '여', '2021-09-15 00:00:00', '2021-09-15 00:00:00'),
	(33, '408091054-1', '*A4B6157319038724E3560894F7F932C8886EBFCF', 0, 'Melanie', 23, '여', '2021-09-15 00:00:00', '2021-09-15 00:00:00'),
	(34, '281410814-X', '*A4B6157319038724E3560894F7F932C8886EBFCF', 0, 'Brandy', 35, '남', '2021-09-15 00:00:00', '2021-09-15 00:00:00'),
	(35, '751785177-2', '*A4B6157319038724E3560894F7F932C8886EBFCF', 0, 'Gene', 46, '여', '2021-09-15 00:00:00', '2021-09-15 00:00:00'),
	(36, '737854365-9', '*A4B6157319038724E3560894F7F932C8886EBFCF', 0, 'Joleen', 33, '남', '2021-09-15 00:00:00', '2021-09-15 00:00:00'),
	(37, '988823856-6', '*A4B6157319038724E3560894F7F932C8886EBFCF', 0, 'Clerc', 15, '여', '2021-09-15 00:00:00', '2021-09-15 00:00:00'),
	(38, '918776678-7', '*A4B6157319038724E3560894F7F932C8886EBFCF', 0, 'Clemmie', 45, '남', '2021-09-15 00:00:00', '2021-09-15 00:00:00'),
	(39, '046625101-7', '*A4B6157319038724E3560894F7F932C8886EBFCF', 0, 'Menard', 100, '남', '2021-09-15 00:00:00', '2021-09-15 00:00:00'),
	(40, '076967195-0', '*A4B6157319038724E3560894F7F932C8886EBFCF', 0, 'Lucita', 91, '여', '2021-09-15 00:00:00', '2021-09-15 00:00:00'),
	(41, '624963776-1', '*A4B6157319038724E3560894F7F932C8886EBFCF', 0, 'Aime', 70, '여', '2021-09-15 00:00:00', '2021-09-15 00:00:00'),
	(42, '700875996-7', '*A4B6157319038724E3560894F7F932C8886EBFCF', 0, 'Alric', 86, '남', '2021-09-15 00:00:00', '2021-09-15 00:00:00'),
	(43, '325514638-0', '*A4B6157319038724E3560894F7F932C8886EBFCF', 0, 'Winslow', 21, '남', '2021-09-15 00:00:00', '2021-09-15 00:00:00'),
	(44, '155368445-1', '*A4B6157319038724E3560894F7F932C8886EBFCF', 0, 'Trude', 40, '남', '2021-09-15 00:00:00', '2021-09-15 00:00:00'),
	(45, '510689175-2', '*A4B6157319038724E3560894F7F932C8886EBFCF', 0, 'Sinclare', 32, '여', '2021-09-15 00:00:00', '2021-09-15 00:00:00'),
	(46, '729682371-2', '*A4B6157319038724E3560894F7F932C8886EBFCF', 0, 'Grenville', 57, '여', '2021-09-15 00:00:00', '2021-09-15 00:00:00'),
	(47, '627246888-1', '*A4B6157319038724E3560894F7F932C8886EBFCF', 0, 'Stevie', 86, '여', '2021-09-15 00:00:00', '2021-09-15 00:00:00'),
	(48, '495330547-7', '*A4B6157319038724E3560894F7F932C8886EBFCF', 0, 'Mitchel', 15, '남', '2021-09-15 00:00:00', '2021-09-15 00:00:00'),
	(49, '287143148-5', '*A4B6157319038724E3560894F7F932C8886EBFCF', 0, 'Jacquelyn', 15, '남', '2021-09-15 00:00:00', '2021-09-15 00:00:00'),
	(50, '953934379-8', '*A4B6157319038724E3560894F7F932C8886EBFCF', 0, 'Nathalia', 57, '여', '2021-09-15 00:00:00', '2021-09-15 00:00:00'),
	(51, '592245688-1', '*A4B6157319038724E3560894F7F932C8886EBFCF', 0, 'Georg', 82, '여', '2021-09-15 00:00:00', '2021-09-15 00:00:00'),
	(52, '055419200-4', '*A4B6157319038724E3560894F7F932C8886EBFCF', 0, 'Basia', 44, '남', '2021-09-15 00:00:00', '2021-09-15 00:00:00'),
	(53, '821347473-2', '*A4B6157319038724E3560894F7F932C8886EBFCF', 0, 'Shandee', 64, '남', '2021-09-15 00:00:00', '2021-09-15 00:00:00'),
	(54, '478654970-3', '*A4B6157319038724E3560894F7F932C8886EBFCF', 0, 'Alli', 18, '남', '2021-09-15 00:00:00', '2021-09-15 00:00:00'),
	(55, '530493685-X', '*A4B6157319038724E3560894F7F932C8886EBFCF', 0, 'Shaun', 63, '남', '2021-09-15 00:00:00', '2021-09-15 00:00:00'),
	(56, '441129970-4', '*A4B6157319038724E3560894F7F932C8886EBFCF', 0, 'Merl', 40, '여', '2021-09-15 00:00:00', '2021-09-15 00:00:00'),
	(57, '524289932-8', '*A4B6157319038724E3560894F7F932C8886EBFCF', 0, 'Tamra', 62, '여', '2021-09-15 00:00:00', '2021-09-15 00:00:00'),
	(58, '475445495-2', '*A4B6157319038724E3560894F7F932C8886EBFCF', 0, 'Flossy', 73, '남', '2021-09-15 00:00:00', '2021-09-15 00:00:00'),
	(59, '199364058-4', '*A4B6157319038724E3560894F7F932C8886EBFCF', 0, 'Dyana', 41, '남', '2021-09-15 00:00:00', '2021-09-15 00:00:00'),
	(60, '546196203-3', '*A4B6157319038724E3560894F7F932C8886EBFCF', 0, 'Brooke', 13, '남', '2021-09-15 00:00:00', '2021-09-15 00:00:00'),
	(61, '654309456-7', '*A4B6157319038724E3560894F7F932C8886EBFCF', 0, 'Grantley', 81, '남', '2021-09-15 00:00:00', '2021-09-15 00:00:00'),
	(62, '164607460-2', '*A4B6157319038724E3560894F7F932C8886EBFCF', 0, 'Minor', 42, '남', '2021-09-15 00:00:00', '2021-09-15 00:00:00'),
	(63, '942416597-8', '*A4B6157319038724E3560894F7F932C8886EBFCF', 0, 'Chloris', 49, '남', '2021-09-15 00:00:00', '2021-09-15 00:00:00'),
	(64, '129994942-8', '*A4B6157319038724E3560894F7F932C8886EBFCF', 0, 'Brendan', 86, '남', '2021-09-15 00:00:00', '2021-09-15 00:00:00'),
	(65, '734162716-6', '*A4B6157319038724E3560894F7F932C8886EBFCF', 0, 'Ric', 23, '여', '2021-09-15 00:00:00', '2021-09-15 00:00:00'),
	(66, '075514846-0', '*A4B6157319038724E3560894F7F932C8886EBFCF', 0, 'Roxanne', 20, '남', '2021-09-15 00:00:00', '2021-09-15 00:00:00'),
	(67, '548615884-X', '*A4B6157319038724E3560894F7F932C8886EBFCF', 0, 'Zsazsa', 56, '남', '2021-09-15 00:00:00', '2021-09-15 00:00:00'),
	(68, '860495342-6', '*A4B6157319038724E3560894F7F932C8886EBFCF', 0, 'Aeriell', 57, '여', '2021-09-15 00:00:00', '2021-09-15 00:00:00'),
	(69, '589220672-6', '*A4B6157319038724E3560894F7F932C8886EBFCF', 0, 'Rafferty', 83, '여', '2021-09-15 00:00:00', '2021-09-15 00:00:00'),
	(70, '710545890-9', '*A4B6157319038724E3560894F7F932C8886EBFCF', 0, 'Arlan', 82, '남', '2021-09-15 00:00:00', '2021-09-15 00:00:00'),
	(71, '314028891-3', '*A4B6157319038724E3560894F7F932C8886EBFCF', 0, 'Marni', 10, '남', '2021-09-15 00:00:00', '2021-09-15 00:00:00'),
	(72, '550501307-4', '*A4B6157319038724E3560894F7F932C8886EBFCF', 0, 'Morgana', 33, '남', '2021-09-15 00:00:00', '2021-09-15 00:00:00'),
	(73, '197437516-1', '*A4B6157319038724E3560894F7F932C8886EBFCF', 0, 'Zackariah', 26, '남', '2021-09-15 00:00:00', '2021-09-15 00:00:00'),
	(74, '435159468-3', '*A4B6157319038724E3560894F7F932C8886EBFCF', 0, 'Brock', 55, '남', '2021-09-15 00:00:00', '2021-09-15 00:00:00'),
	(75, '390893952-6', '*A4B6157319038724E3560894F7F932C8886EBFCF', 0, 'Constancy', 100, '남', '2021-09-15 00:00:00', '2021-09-15 00:00:00'),
	(76, '721203012-0', '*A4B6157319038724E3560894F7F932C8886EBFCF', 0, 'Electra', 29, '남', '2021-09-15 00:00:00', '2021-09-15 00:00:00'),
	(77, '573444117-1', '*A4B6157319038724E3560894F7F932C8886EBFCF', 0, 'Rudolf', 26, '여', '2021-09-15 00:00:00', '2021-09-15 00:00:00'),
	(78, '654992829-X', '*A4B6157319038724E3560894F7F932C8886EBFCF', 0, 'Gusella', 46, '남', '2021-09-15 00:00:00', '2021-09-15 00:00:00'),
	(79, '907088703-7', '*A4B6157319038724E3560894F7F932C8886EBFCF', 0, 'Elsinore', 71, '여', '2021-09-15 00:00:00', '2021-09-15 00:00:00'),
	(80, '883144079-9', '*A4B6157319038724E3560894F7F932C8886EBFCF', 0, 'Denise', 94, '여', '2021-09-15 00:00:00', '2021-09-15 00:00:00'),
	(81, '052121806-3', '*A4B6157319038724E3560894F7F932C8886EBFCF', 0, 'Elton', 51, '여', '2021-09-15 00:00:00', '2021-09-15 00:00:00'),
	(82, '453385146-0', '*A4B6157319038724E3560894F7F932C8886EBFCF', 0, 'Melisent', 24, '여', '2021-09-15 00:00:00', '2021-09-15 00:00:00'),
	(83, '030091604-3', '*A4B6157319038724E3560894F7F932C8886EBFCF', 0, 'Novelia', 37, '남', '2021-09-15 00:00:00', '2021-09-15 00:00:00'),
	(84, '090039008-5', '*A4B6157319038724E3560894F7F932C8886EBFCF', 0, 'Dall', 34, '여', '2021-09-15 00:00:00', '2021-09-15 00:00:00'),
	(85, '753177911-0', '*A4B6157319038724E3560894F7F932C8886EBFCF', 0, 'Cornelius', 24, '여', '2021-09-15 00:00:00', '2021-09-15 00:00:00'),
	(86, '025505071-2', '*A4B6157319038724E3560894F7F932C8886EBFCF', 0, 'Gennie', 36, '여', '2021-09-15 00:00:00', '2021-09-15 00:00:00'),
	(87, '324566460-5', '*A4B6157319038724E3560894F7F932C8886EBFCF', 0, 'Sylas', 89, '남', '2021-09-15 00:00:00', '2021-09-15 00:00:00'),
	(88, '452132085-6', '*A4B6157319038724E3560894F7F932C8886EBFCF', 0, 'Wanids', 91, '여', '2021-09-15 00:00:00', '2021-09-15 00:00:00'),
	(89, '306482232-2', '*A4B6157319038724E3560894F7F932C8886EBFCF', 0, 'Alick', 90, '남', '2021-09-15 00:00:00', '2021-09-15 00:00:00'),
	(90, '419599588-4', '*A4B6157319038724E3560894F7F932C8886EBFCF', 0, 'Antonin', 61, '여', '2021-09-15 00:00:00', '2021-09-15 00:00:00'),
	(91, '457017950-9', '*A4B6157319038724E3560894F7F932C8886EBFCF', 0, 'Cyndie', 12, '남', '2021-09-15 00:00:00', '2021-09-15 00:00:00'),
	(92, '118863444-5', '*A4B6157319038724E3560894F7F932C8886EBFCF', 0, 'Johnette', 59, '남', '2021-09-15 00:00:00', '2021-09-15 00:00:00'),
	(93, '635992348-3', '*A4B6157319038724E3560894F7F932C8886EBFCF', 0, 'Leif', 75, '여', '2021-09-15 00:00:00', '2021-09-15 00:00:00'),
	(94, '981671618-6', '*A4B6157319038724E3560894F7F932C8886EBFCF', 0, 'Jeffie', 79, '남', '2021-09-15 00:00:00', '2021-09-15 00:00:00'),
	(95, '347670574-9', '*A4B6157319038724E3560894F7F932C8886EBFCF', 0, 'Marcel', 54, '여', '2021-09-15 00:00:00', '2021-09-15 00:00:00'),
	(96, '683999299-3', '*A4B6157319038724E3560894F7F932C8886EBFCF', 0, 'Sibley', 92, '여', '2021-09-15 00:00:00', '2021-09-15 00:00:00'),
	(97, '714011531-1', '*A4B6157319038724E3560894F7F932C8886EBFCF', 0, 'Candis', 90, '여', '2021-09-15 00:00:00', '2021-09-15 00:00:00'),
	(98, '998377150-0', '*A4B6157319038724E3560894F7F932C8886EBFCF', 0, 'Hyacinthe', 91, '여', '2021-09-15 00:00:00', '2021-09-15 00:00:00'),
	(99, '599424612-3', '*A4B6157319038724E3560894F7F932C8886EBFCF', 0, 'Troy', 94, '남', '2021-09-15 00:00:00', '2021-09-15 00:00:00'),
	(100, '514275807-2', '*A4B6157319038724E3560894F7F932C8886EBFCF', 0, 'Ferrell', 93, '남', '2021-09-15 00:00:00', '2021-09-15 00:00:00'),
	(101, '422384179-3', '*A4B6157319038724E3560894F7F932C8886EBFCF', 0, 'Roseanne', 59, '여', '2021-09-15 00:00:00', '2021-09-15 00:00:00'),
	(102, '401585780-1', '*A4B6157319038724E3560894F7F932C8886EBFCF', 0, 'Germayne', 62, '남', '2021-09-15 00:00:00', '2021-09-15 00:00:00'),
	(103, '502444530-9', '*A4B6157319038724E3560894F7F932C8886EBFCF', 0, 'Rolfe', 30, '여', '2021-09-15 00:00:00', '2021-09-15 00:00:00');
/*!40000 ALTER TABLE `member` ENABLE KEYS */;

-- 테이블 shop.notice 구조 내보내기
DROP TABLE IF EXISTS `notice`;
CREATE TABLE IF NOT EXISTS `notice` (
  `notice_no` int(11) NOT NULL AUTO_INCREMENT,
  `notice_title` varchar(500) NOT NULL,
  `notice_content` text NOT NULL,
  `member_no` int(11) NOT NULL,
  `create_date` datetime NOT NULL,
  `update_date` datetime NOT NULL,
  PRIMARY KEY (`notice_no`)
) ENGINE=InnoDB AUTO_INCREMENT=3 DEFAULT CHARSET=utf8mb3;

-- 테이블 데이터 shop.notice:~1 rows (대략적) 내보내기
DELETE FROM `notice`;
/*!40000 ALTER TABLE `notice` DISABLE KEYS */;
INSERT INTO `notice` (`notice_no`, `notice_title`, `notice_content`, `member_no`, `create_date`, `update_date`) VALUES
	(1, '쇼핑몰 서버 작업 공지 (9/29 04:00~06:00)', '안녕하세요. <br>e북 쇼핑몰 입니다.<br><br>쇼핑몰 서버점검 작업 관련 공지 드립니다.<br><br>작업시간: 9월 29일 (수) 새벽 04:00 ~ 06:00<br>작업내용: 서버 점검 작업<br><br>해당 작업시간에는 사이트 접속이 불가능하며, 도서 다운로드 시 오류가 발생할 수 있습니다.<br>서버점검 시간은 작업에 따라 시간이 단축 또는 연장될 수 있습니다.<br><br>더 좋은 서비스로 보답 드릴 것을 약속드리며 회원님들의 많은 양해 부탁드립니다.<br><br>e북 쇼핑몰 드림.', 4, '2021-09-29 12:03:14', '2021-09-29 14:09:19');
/*!40000 ALTER TABLE `notice` ENABLE KEYS */;

-- 테이블 shop.orders 구조 내보내기
DROP TABLE IF EXISTS `orders`;
CREATE TABLE IF NOT EXISTS `orders` (
  `order_no` int(11) NOT NULL AUTO_INCREMENT,
  `ebook_no` int(11) NOT NULL,
  `member_no` int(11) NOT NULL,
  `order_price` int(11) NOT NULL,
  `create_date` datetime NOT NULL,
  `update_date` datetime NOT NULL,
  PRIMARY KEY (`order_no`),
  KEY `FK_orders_ebook` (`ebook_no`),
  KEY `FK_orders_member` (`member_no`)
) ENGINE=InnoDB AUTO_INCREMENT=52 DEFAULT CHARSET=utf8mb3;

-- 테이블 데이터 shop.orders:~51 rows (대략적) 내보내기
DELETE FROM `orders`;
/*!40000 ALTER TABLE `orders` DISABLE KEYS */;
INSERT INTO `orders` (`order_no`, `ebook_no`, `member_no`, `order_price`, `create_date`, `update_date`) VALUES
	(1, 2, 5, 1000, '2021-09-24 00:00:00', '2021-09-24 00:00:00'),
	(2, 10, 5, 1000, '2021-09-24 00:00:00', '2021-09-24 00:00:00'),
	(3, 10, 6, 1000, '2021-09-24 00:00:00', '2021-09-24 00:00:00'),
	(4, 3, 8, 1000, '2021-09-24 00:00:00', '2021-09-24 00:00:00'),
	(5, 2, 7, 1000, '2021-09-24 00:00:00', '2021-09-24 00:00:00'),
	(6, 6, 6, 1000, '2021-09-24 00:00:00', '2021-09-24 00:00:00'),
	(7, 5, 6, 1000, '2021-09-24 00:00:00', '2021-09-24 00:00:00'),
	(8, 4, 9, 1000, '2021-09-24 00:00:00', '2021-09-24 00:00:00'),
	(9, 1, 5, 1000, '2021-09-24 00:00:00', '2021-09-24 00:00:00'),
	(10, 9, 7, 1000, '2021-09-24 00:00:00', '2021-09-24 00:00:00'),
	(11, 1, 5, 1000, '2021-09-24 00:00:00', '2021-09-24 00:00:00'),
	(12, 7, 8, 1000, '2021-09-24 00:00:00', '2021-09-24 00:00:00'),
	(13, 8, 9, 1000, '2021-09-24 00:00:00', '2021-09-24 00:00:00'),
	(14, 3, 9, 1000, '2021-09-24 00:00:00', '2021-09-24 00:00:00'),
	(15, 4, 6, 1000, '2021-09-24 00:00:00', '2021-09-24 00:00:00'),
	(16, 5, 9, 1000, '2021-09-24 00:00:00', '2021-09-24 00:00:00'),
	(17, 6, 7, 1000, '2021-09-24 00:00:00', '2021-09-24 00:00:00'),
	(18, 3, 7, 1000, '2021-09-24 00:00:00', '2021-09-24 00:00:00'),
	(19, 8, 8, 1000, '2021-09-24 00:00:00', '2021-09-24 00:00:00'),
	(20, 8, 8, 1000, '2021-09-24 00:00:00', '2021-09-24 00:00:00'),
	(21, 9, 5, 1000, '2021-09-24 00:00:00', '2021-09-24 00:00:00'),
	(22, 9, 6, 1000, '2021-09-24 00:00:00', '2021-09-24 00:00:00'),
	(23, 7, 7, 1000, '2021-09-24 00:00:00', '2021-09-24 00:00:00'),
	(24, 6, 8, 1000, '2021-09-24 00:00:00', '2021-09-24 00:00:00'),
	(25, 8, 6, 1000, '2021-09-24 00:00:00', '2021-09-24 00:00:00'),
	(26, 10, 5, 1000, '2021-09-24 00:00:00', '2021-09-24 00:00:00'),
	(27, 6, 7, 1000, '2021-09-24 00:00:00', '2021-09-24 00:00:00'),
	(28, 10, 5, 1000, '2021-09-24 00:00:00', '2021-09-24 00:00:00'),
	(29, 2, 6, 1000, '2021-09-24 00:00:00', '2021-09-24 00:00:00'),
	(30, 9, 8, 1000, '2021-09-24 00:00:00', '2021-09-24 00:00:00'),
	(31, 3, 9, 1000, '2021-09-24 00:00:00', '2021-09-24 00:00:00'),
	(32, 3, 7, 1000, '2021-09-24 00:00:00', '2021-09-24 00:00:00'),
	(33, 1, 8, 1000, '2021-09-24 00:00:00', '2021-09-24 00:00:00'),
	(34, 6, 6, 1000, '2021-09-24 00:00:00', '2021-09-24 00:00:00'),
	(35, 2, 5, 1000, '2021-09-24 00:00:00', '2021-09-24 00:00:00'),
	(36, 10, 9, 1000, '2021-09-24 00:00:00', '2021-09-24 00:00:00'),
	(37, 6, 9, 1000, '2021-09-24 00:00:00', '2021-09-24 00:00:00'),
	(38, 7, 8, 1000, '2021-09-24 00:00:00', '2021-09-24 00:00:00'),
	(39, 9, 8, 1000, '2021-09-24 00:00:00', '2021-09-24 00:00:00'),
	(40, 5, 6, 1000, '2021-09-24 00:00:00', '2021-09-24 00:00:00'),
	(41, 9, 7, 1000, '2021-09-24 00:00:00', '2021-09-24 00:00:00'),
	(42, 10, 5, 1000, '2021-09-24 00:00:00', '2021-09-24 00:00:00'),
	(43, 6, 8, 1000, '2021-09-24 00:00:00', '2021-09-24 00:00:00'),
	(44, 10, 5, 1000, '2021-09-24 00:00:00', '2021-09-24 00:00:00'),
	(45, 2, 7, 1000, '2021-09-24 00:00:00', '2021-09-24 00:00:00'),
	(46, 6, 6, 1000, '2021-09-24 00:00:00', '2021-09-24 00:00:00'),
	(47, 2, 5, 1000, '2021-09-24 00:00:00', '2021-09-24 00:00:00'),
	(48, 1, 5, 1000, '2021-09-24 00:00:00', '2021-09-24 00:00:00'),
	(49, 3, 9, 1000, '2021-09-24 00:00:00', '2021-09-24 00:00:00'),
	(50, 6, 7, 1000, '2021-09-24 00:00:00', '2021-09-24 00:00:00'),
	(51, 6, 5, 21397, '2021-09-28 16:04:29', '2021-09-28 16:04:29');
/*!40000 ALTER TABLE `orders` ENABLE KEYS */;

-- 테이블 shop.order_comment 구조 내보내기
DROP TABLE IF EXISTS `order_comment`;
CREATE TABLE IF NOT EXISTS `order_comment` (
  `order_no` int(11) NOT NULL,
  `ebook_no` int(11) NOT NULL,
  `order_score` int(11) NOT NULL,
  `order_comment_content` text NOT NULL,
  `create_date` datetime NOT NULL,
  `update_date` datetime NOT NULL
) ENGINE=InnoDB DEFAULT CHARSET=utf8mb3;

-- 테이블 데이터 shop.order_comment:~10 rows (대략적) 내보내기
DELETE FROM `order_comment`;
/*!40000 ALTER TABLE `order_comment` DISABLE KEYS */;
INSERT INTO `order_comment` (`order_no`, `ebook_no`, `order_score`, `order_comment_content`, `create_date`, `update_date`) VALUES
	(1, 2, 4, '헤헤', '2021-09-27 16:36:38', '2021-09-27 16:36:38'),
	(1, 2, 2, 'ㅎㅎ', '2021-09-27 16:38:05', '2021-09-27 16:38:05'),
	(42, 10, 1, '별점 신기하다 test', '2021-09-27 17:45:10', '2021-09-27 17:45:10'),
	(6, 6, 5, '1111', '2021-09-28 13:41:32', '2021-09-28 13:41:35'),
	(17, 6, 3, '2222', '2021-09-28 13:41:42', '2021-09-28 13:41:41'),
	(24, 6, 5, '3333', '2021-09-28 13:42:26', '2021-09-28 13:42:28'),
	(27, 6, 4, '4444', '2021-09-28 13:42:51', '2021-09-28 13:42:50'),
	(34, 6, 3, '5555', '2021-09-28 13:43:16', '2021-09-28 13:43:18'),
	(37, 6, 4, '6666', '2021-09-28 13:43:28', '2021-09-28 13:43:27'),
	(43, 6, 5, '7777', '2021-09-28 13:43:49', '2021-09-28 13:43:53');
/*!40000 ALTER TABLE `order_comment` ENABLE KEYS */;

-- 테이블 shop.qna 구조 내보내기
DROP TABLE IF EXISTS `qna`;
CREATE TABLE IF NOT EXISTS `qna` (
  `qna_no` int(11) NOT NULL AUTO_INCREMENT,
  `qna_category` enum('전자책관련','개인정보관련','기타') NOT NULL,
  `qna_title` varchar(500) NOT NULL,
  `qna_content` text NOT NULL,
  `qna_secret` enum('Y','N') NOT NULL,
  `member_no` int(11) NOT NULL,
  `create_date` datetime NOT NULL,
  `update_date` datetime NOT NULL,
  PRIMARY KEY (`qna_no`)
) ENGINE=InnoDB AUTO_INCREMENT=3 DEFAULT CHARSET=utf8mb3;

-- 테이블 데이터 shop.qna:~2 rows (대략적) 내보내기
DELETE FROM `qna`;
/*!40000 ALTER TABLE `qna` DISABLE KEYS */;
INSERT INTO `qna` (`qna_no`, `qna_category`, `qna_title`, `qna_content`, `qna_secret`, `member_no`, `create_date`, `update_date`) VALUES
	(1, '전자책관련', 'test', 'test', 'N', 1, '2021-09-29 15:03:04', '2021-09-29 15:03:07'),
	(2, '기타', 'test2', 'test2', 'Y', 5, '2021-09-29 16:21:30', '2021-09-29 16:21:31');
/*!40000 ALTER TABLE `qna` ENABLE KEYS */;

-- 테이블 shop.qna_comment 구조 내보내기
DROP TABLE IF EXISTS `qna_comment`;
CREATE TABLE IF NOT EXISTS `qna_comment` (
  `qna_no` int(11) NOT NULL,
  `qna_comment_content` text NOT NULL,
  `member_no` int(11) NOT NULL,
  `create_date` datetime NOT NULL,
  `update_date` datetime NOT NULL
) ENGINE=InnoDB DEFAULT CHARSET=utf8mb3;

-- 테이블 데이터 shop.qna_comment:~1 rows (대략적) 내보내기
DELETE FROM `qna_comment`;
/*!40000 ALTER TABLE `qna_comment` DISABLE KEYS */;
INSERT INTO `qna_comment` (`qna_no`, `qna_comment_content`, `member_no`, `create_date`, `update_date`) VALUES
	(1, 'ㅎㅇ', 4, '2021-09-29 17:20:38', '2021-09-29 17:20:38');
/*!40000 ALTER TABLE `qna_comment` ENABLE KEYS */;

/*!40101 SET SQL_MODE=IFNULL(@OLD_SQL_MODE, '') */;
/*!40014 SET FOREIGN_KEY_CHECKS=IFNULL(@OLD_FOREIGN_KEY_CHECKS, 1) */;
/*!40101 SET CHARACTER_SET_CLIENT=@OLD_CHARACTER_SET_CLIENT */;
/*!40111 SET SQL_NOTES=IFNULL(@OLD_SQL_NOTES, 1) */;
